question,options,right_answer
我国人民行使国家权力的机关是国务院.(),"['正确', '错误']",['错误']
下列不属爱国人士的是(),"['汪精卫', '钱学森', '吉鸿昌', '邓稼先']",['汪精卫']
在公共道路、露天公共场所列队行进、表达共同意愿的活动称为().,"['游行', '集会', '示威', '结社']",['游行']
"1904年,孙中山发表的指出只有推翻清政府,建立“中华民国”,才能真正解决中国问题的文章是()","['《革命军》', '《警世钟》', '《驳康有为论革命书》', '《中国问题的真解决》']",['《中国问题的真解决》']
新时期的爱国主义体现在爱国主义与拥护国家统一的一致性.(),"['正确', '错误']",['正确']
"墨家提倡“察色修身”,反映的是中华民族()优良道德传统.","['追求精神境界,把道德理想的实现看成是一种高层次的需要', '重视道德践履,强调修养的重要性,倡导道德主体要在完善自身中发挥自己的能动作用', '讲求谦敬礼让,强调克骄防矜', '倡导言行一致,强调恪守诚信']","['重视道德践履,强调修养的重要性,倡导道德主体要在完善自身中发挥自己的能动作用']"
"全国人大常委会的组成人员中,应当有适当名额的少数民族代表.()","['正确', '错误']",['正确']
现阶段我国各族人民的共同理想是建设中国特色社会主义、实现两岸统一.(),"['正确', '错误']",['错误']
"爱因斯坦曾经指出：""一个人对社会的价值,首先取决于他的感情、思想和行动对增进人类利益有多大作用"".对此理解最恰当的是()","['一个人从社会获得的尊重和满足越多,他的社会价值越大', '一个人的社会价值越大,他的自我价值越小', '能力大的人才能实现社会价值', '一个人的社会价值主要在于他对社会做出的贡献']",['一个人的社会价值主要在于他对社会做出的贡献']
"大学生应当在自身思想道德和文化修养的同时,不断强化自己的法律修养,做一个尊法学法的人.()","['正确', '错误']",['错误']
"1931年1月至1935年1月,中国共产党内出现的主要错误倾向是()","['“左”倾盲动主义', '右倾保守主义', '“左”倾教条主义', '右倾投降主义']",['“左”倾教条主义']
道德的认识功能是道德最突出也是最重要的社会功能.(),"['对', '错']",['错']
在国家法律体系中居于核心地位、具有最高法律效力的是().,"['宪法', '刑法', '行政法', '经济法']",['宪法']
"今天,只要正确处理好经济发展问题,就能够引导人们正确对待个人利益和社会利益、国家利益,投身到社会主义建设事业中去.()","['正确', '错误']",['错误']
"1949年9月21日,在北平中南海怀仁堂开幕的会议为()","['第一届全国人民代表大会第一次会议', '中共中央政治局扩大会议', '中共七届三中全会', '中国人民政治协商会议第一届全体会议']",['中国人民政治协商会议第一届全体会议']
在粉碎帝国主义列强瓜分中国的斗争中发挥了重大的历史作用的事件是(),"['义和团运动', '戊戌维新', '太平天国运动', '辛亥革命']",['义和团运动']
婚姻自由权属于普通权利.(),"['正确', '错误']",['正确']
社会主义法律是人类历史上唯一以公有制为基础的新型法律.(),"['正确', '错误']",['正确']
"自觉遵守规章制度、清正廉洁,不谋私利,不滥用职权,不损人利己,不假公济私等.这是职业道德中().","['爱岗敬业的要求', '诚实守信的要求', '办事公道的要求', '服务群众的要求']",['办事公道的要求']
"中国的抗日战争对世界反法西斯战争的胜利做出了巨大贡献,突出表现在()","['中国战场最广大', '中国抗日战争最艰苦', '中国反法西斯战争时间最长', '中国战场对日本法西斯的牵制']",['中国战场对日本法西斯的牵制']
在社会道德建设中具有基础性作用的是(),"['社会公德', '职业道德', '家庭美德', '个人品德']",['个人品德']
"在现代法治国家中,不存在纯粹的权利主体,也不存在纯粹的义务主体.正确理解法律权利与法律义务的关系().","['法律权利与法律义务是各自独立的', '法律权利和法律义务还具有二重性的关系,即一个行为可以同时是权利行为和义务行为', '法律权利与法律义务是目的与手段的关系', '法律权利和法律义务是相互依存的关系,法律权利的实现必须以相应法律义务的履行为条件.']","['法律权利和法律义务还具有二重性的关系,即一个行为可以同时是权利行为和义务行为', '法律权利与法律义务是目的与手段的关系', '法律权利和法律义务是相互依存的关系,法律权利的实现必须以相应法律义务的履行为条件.']"
"关于民族自治地方的人民代表大会的立法权限,下列表述中正确的是.()","['自治州的人民代表大会及其常务委员会有权制定单行条例', '自治区人民代表大会常务委员会有权制定自治条例', '自治县的人民代表大会有权制定地方性法规', '自治区、自治州、自治县的人民代表大会有权依照当地民族的政治、经济和文化的特点,制定自治条例和单行条例']","['自治区、自治州、自治县的人民代表大会有权依照当地民族的政治、经济和文化的特点,制定自治条例和单行条例']"
"2015年,大学生闫某掏了家门口树上的16只幼鸟贩卖,因小鸟是国家二级保护动物燕隼,(闫某辩称不知道是燕隼),最终他因猎贩行为获刑10年.《刑法》规定：非法捕猎、杀害国家重点保护的珍贵、濒危野生动物,情节特别严重的,将被处十年以上有期徒刑.最高人民法院对此也有解释：非法捕猎隼类10只以上就视为情节特别严重.","['大学生年纪尚小,应给予改过自新的机会,量刑过重', '不知者不为罪.', '人人都有学习法律的义务,不能因为不知道某种行为是犯罪而免责,“不知者不罪”是不能成立的.', '从犯罪手段、主观恶意、情节严重、获利多少等方面考量,量刑太重,当地司法系统是小题大做.']","['人人都有学习法律的义务,不能因为不知道某种行为是犯罪而免责,“不知者不罪”是不能成立的.']"
下列土地政策符合1931年毛泽东制定的土地革命路线的是(),"['“一切私有土地完全归组织或苏维埃国家的劳动平民所公有”', '“农民分得的土地不得转让买卖”', '“没收公共土地及地主阶级土地分配给农民所有”', '“没收富农土地,归苏维埃国家所有”']",['“没收公共土地及地主阶级土地分配给农民所有”']
道德反映社会现实特别是反映社会经济关系的功效与能力是道德的认识功能.,"['对', '错']",['对']
以下哪种表达不正确？(),"['对一份工作有兴趣,就会觉得快乐', '在工作中,期望和实际往往产生矛盾', '简单、重复、机械的工作会让人感到枯燥', '工作没有意义']",['工作没有意义']
"2014年5月4日,习近平总书记在北京大学师生座谈会上说,道德之于个人、之于社会,都具有基础性意义,做人做事第一位的是().","['学习知识', '干好工作', '崇德修身', '树立理想']",['崇德修身']
"关于两岸关系,下列说法正确的是().","['和平统一最符合包括台湾同胞在内的中华民族的根本利益', '要从中华民族整体利益的高度把握两岸关系大局,在认清历史发展趋势中把握两岸前途,坚持增进互信、良性互动、求同存异、务实进取,促进两岸关系发展取得更多积极成果', '努力增进两岸人民福祉,增进对两岸命运共同体的认知,不断拓宽两岸关系和平发展的道路', '一中一台']","['和平统一最符合包括台湾同胞在内的中华民族的根本利益', '要从中华民族整体利益的高度把握两岸关系大局,在认清历史发展趋势中把握两岸前途,坚持增进互信、良性互动、求同存异、务实进取,促进两岸关系发展取得更多积极成果', '努力增进两岸人民福祉,增进对两岸命运共同体的认知,不断拓宽两岸关系和平发展的道路']"
"与法律有所不同,道德对社会行为的调节()","['是强制性的', '不可以借助国家强制力', '是一种经常性、深刻性、普遍性和灵活性的调节', '不是一种经常性、深刻性、普遍性和灵活性的调节']",['是一种经常性、深刻性、普遍性和灵活性的调节']
"社会保障权既是一种社会权利,又是一种经济权利.()","['正确', '错误']",['正确']
理想信念与人的精神境界的关系是,"['理想信念越崇高、越坚定,精神境界就越高尚', '精神境界高尚与否决定了理想信念的高低', '两者之间没有必然联系', '理想信念越崇高,一个人就越不务实']","['理想信念越崇高、越坚定,精神境界就越高尚']"
"中华民族精神源远流长,包含着丰富的内容,其中,夸父追日、大禹治水、愚公移山、精卫填海等动人的传说,其中体现的是中华民族精神的()","['勤劳勇敢', '团结统一', '自强不息', '爱好和平']",['自强不息']
"当今社会,人与自然的不和谐日益加剧,水源、客气、土壤受到严重污染,各种环境污染,资源滥用等现象屡见不鲜,并逐渐侵蚀人类美好的生活.对此认识正确的是","['地球是巨大的储物库,资源短缺不是问题', '人类是自然界最高生物,想干什么就干什么', '只须注意当代发展就行了,大不了先污染后治理', '应引起重视,制定有效的制度和采取合适的技术处理这些问题']","['应引起重视,制定有效的制度和采取合适的技术处理这些问题']"
家教是实现家庭美德与家风互动的中介环节.(),"['正确', '错误']",['正确']
孙中山提出的三民主义之民族主义的内容包括(),"['平均地权', '驱除鞑虏,恢复中华', '创立民国', '实现共和']","['驱除鞑虏,恢复中华']"
勇于实践、艰苦奋斗是实现理想的根本途径.(),"['正确', '错误']",['正确']
"“假如有很好的法律,但人民不了解它们,这对共和国来说就像没有任何法律一样糟糕.”这体现了培养法治思维的哪项基本要求？()","['参加法律实践', '掌握法律方法', '依法办事', '学习法律知识']",['学习法律知识']
下列权利属于人身权利的是().,"['人格尊严权', '住宅安全权', '通信自由权', '休息权']","['人格尊严权', '住宅安全权', '通信自由权']"
"在私人生活中,一个人的行为,必定与他人发生直接或间接的联系,具有开放性和透明性.()","['正确', '错误']",['错误']
"道德所调整的人和人之间的关系有许多方面,但实质是调整社会关系.()","['正确', '错误']",['错误']
"理想作为一种精神现象,是人类社会实践的产物.理想源于现实,又超越现实,在现实中有多种类型.从层次上划分,理想有()","['个人理想和社会思想', '道德理想和政治理想', '生活理想和职业理想', '崇高理想和一般理想']",['崇高理想和一般理想']
法律责任包括().,"['民事责任', '行政责任', '社会责任', '刑事责任']","['民事责任', '行政责任', '刑事责任']"
"祖国利益通常分为对内和对外两个方面.对内主要是指(),对外主要是指民族的政治、经济、文化等方面的权利与自由.","['社会利益', '集体利益', '共同利益', '公共利益']",['公共利益']
贯穿中国历史发展的一条主线是(),"['团结统一', '爱好和平', '爱国主义', '自强不息']",['爱国主义']
标志着以慈禧太后为首的清政府彻底放弃抵抗外国侵略者的事件是(),"['《南京条约》的签订', '《天津条约》的签订', '《北京条约》的签订', '《辛丑条约》的签订']",['《辛丑条约》的签订']
爱国主义的基础是,"['爱国思想', '爱国言语', '爱国行为', '爱国情感']",['爱国情感']
"下列会议,结束了王明“左”倾冒险主义在党中央的统治的是()","['瓦窑堡会议', '遵义会议', '中共“六大”', '晋绥干部会议']",['遵义会议']
"大学生正值青春韶华,树立正确的恋爱观和婚姻观,处理好自己的感情生活和家庭生活,有利于大学生顺利成长成才.()","['正确', '错误']",['正确']
掌握中国海关大权达40余年的英国人是(),"['普鲁斯', '赫德', '金登干', '李提摩太']",['赫德']
"企业生产对环境造成了污染,应该由政府组织开展治理.()","['对', '错']",['错']
"我国公民在()情况下,有从国家和社会获得物质帮助的权利.","['年老', '疾病', '丧失劳动能力', '待业']","['年老', '疾病', '丧失劳动能力']"
"日军占领南京后,制造震惊世界的大屠杀,被杀害的中国人达()余万","['10', '20', '30', '40']",['30']
"1928年l2月,毛泽东主持制定的中国共产党历史上第一个土地法是()","['《井冈山土地法》', '《兴国土地法》', '《关于清算、减租及土地问题的指示》', '《中国土地法大纲》']",['《井冈山土地法》']
"以下选项中,属于刑事诉讼中的其他诉讼参与人的是().","['自诉人', '翻译人员', '附带民事诉讼的被告', '被害人']",['翻译人员']
"1949年6月30日,毛泽东发表了()","['《新民主主义论》', '《论人民民主专政》', '《关于时局的声明》', '《论联合政府》']",['《论人民民主专政》']
共产主义社会只有在社会主义社会充分发展和高度发达的基础上才能实现.(),"['正确', '错误']",['正确']
积极培育和践行社会主义核心价值观是大学生提高思想道德素质和法律素质的根本途径.(),"['正确', '错误']",['正确']
"关于“大学生与诚信”,说法不正确的是().","['诚信是大学生树立理想信念的基础', '诚信是大学生全面发展的前提', '诚信是大学生进入社会的“通行证”', '诚信是大学生身心健康发展的保障']",['诚信是大学生身心健康发展的保障']
中国革命道德是指()在中国新民主主义革命和社会主义革命、建设和改革中所形成的优良道德.,"['一切先进分子', '人民军队', '中国共产党人', '人民群众']","['一切先进分子', '人民军队', '中国共产党人', '人民群众']"
清政府规定的预备立宪的期限是(),"['6年', '7年', '8年', '9年']",['9年']
我国公民都具有选举权和被选举权.(),"['正确', '错误']",['错误']
"关于公平正义,下列说法错误的是：().","['我国缺乏程序观念,因此,在法律适用中应当强调程序公正,实体公正是程序公正的前提和基础,程序公正是实体公正所追求的目标', '公正与效率是社会主义法治实践活动所追求的共同目标.实现公平正义,必须同时兼顾公正与效率', '公平正义要求在法律制定及其适用中,对特殊地域以及特殊群体或个体作出必要的区别化对待,特别是为不发达地区、困难群体或个体提供更多的发展机遇,给予更为完善的法律保护', '司法是解决社会纠纷,保护社会公平正义的最后一道防线']","['我国缺乏程序观念,因此,在法律适用中应当强调程序公正,实体公正是程序公正的前提和基础,程序公正是实体公正所追求的目标']"
"敬业是爱岗的具体表现,爱岗是敬业的().","['核心', '基础', '目的', '本质']",['基础']
"抗日战争期间,新加坡成立了由()为主席的华侨筹赈祖国难民总会.","['徐四民', '司徒美堂', '林白', '陈嘉庚']",['陈嘉庚']
公民个体层面的社会主义核心价值观不包括().,"['富强', '敬业', '诚信', '友善']",['富强']
"一个国家或地区的()等因素,会对法律义务的设定发生重要影响.","['历史传统', '文化背景', '宗教信仰', '制度性质']","['历史传统', '文化背景', '宗教信仰', '制度性质']"
民族精神是一个民族赖以生存和发展的精神支柱.(),"['正确', '错误']",['正确']
"理想是一定社会关系的产物,它必然地带有特定时代的烙印,在阶级社会中,还必然带着()","['人的烙印', '阶级的烙印', '动物的烙印', '民族的烙印']",['阶级的烙印']
公共生活具有一定的封闭性和隐秘性.(),"['正确', '错误']",['错误']
"家庭美德是调节人们在家庭生活方面的关系和行为的道德准则.下列关于家庭美德的论述,错误的是()","['家庭美德建设能增进人生幸福', '家庭美德建设是形成良好社会道德风尚的根基', '家庭美德是社会公共生活中所应遵循的最基本的行动准则', '家庭美德涵盖了夫妻、长幼、邻里之间的关系']",['家庭美德是社会公共生活中所应遵循的最基本的行动准则']
我国《婚姻法》规定的婚姻可以撤销的法定事由有(),"['重婚的', '有禁止结婚的亲属关系的', '未到法定婚龄的', '受胁迫结婚的']",['受胁迫结婚的']
太平天国失败的根本原因是(),"['领导层的腐败', '领导层的内讧', '以宗教组织发动群众', '农民阶级的局限性']",['农民阶级的局限性']
马克思主义揭示了人的本质在其现实性上是().,"['人的自身需要', '人类的共同利益', '人的自然属性', '人的社会关系']",['人的社会关系']
"王某15周岁,智力超群,为某歌舞团演员,生活可以自足,根据《民法通则》规定,王某是限制民事行为能力人.()","['正确', '错误']",['正确']
对于犯罪分子可以适用驱逐出境.(),"['正确', '错误']",['错误']
"()是国家的根本大法,具有最高的法律地位,是治国安邦的总章程.","['宪法', '刑法', '民法', '党内监督条例']",['宪法']
"我们提出的社会主义核心价值观,把涉及()的价值要求融为一体,既体现了社会主义本质要求,继承了中华优秀传统文化,也吸收了世界文明有益成果,体现了时代精神.","['民族', '国家', '社会', '公民']","['国家', '社会', '公民']"
中国的历史和现实所昭示的以下真理().,"['没有共产党也会有新中国', '没有共产党就没有新中国', '只有社会主义才能救中国', '只有改革开放才能发展中国、发展社会主义']","['没有共产党就没有新中国', '只有社会主义才能救中国', '只有改革开放才能发展中国、发展社会主义']"
"行政诉讼是人民法院根据公民、法人或其他组织的请求,依法审理和解决行政案件的活动.下列选项中属于行政诉讼受案范围的有().","['行政相对人不服行政处罚的', '行政相对人不服行政强制措施的', '行政机关工作人员不认可奖惩、任免决定的', '行政机关工作人员不认可有关法规、规章的']","['行政相对人不服行政处罚的', '行政相对人不服行政强制措施的']"
"在社会主义社会中,对什么是光荣、什么是耻辱问题的根本看法和基本观点是()","['社会主义政治观', '社会主义人生观', '社会主义荣辱观', '社会主义实践观']",['社会主义荣辱观']
"甲怀疑医院救治不力致其母死亡,遂在医院设灵堂、烧纸钱,向医院讨说法.结合社会主义法治理念和刑法规定,下列哪一看法是错误的()","['如以寻衅滋事罪判处甲有期徒刑3年、缓刑3年,为有效维护医疗秩序,法院可同时发布禁止令,禁止甲1年内出入医疗机构', '如甲母的死亡确系医院救治不力所致,则不能轻易将甲的行为认定为寻衅滋事罪', '执法为民与服务大局的理念要求严厉打击涉医违法犯罪,对社会影响恶劣的涉医犯罪行为,要依法从严惩处', '甲属于起哄闹事,只有造成医院的秩序严重混乱的,才构成寻衅滋事罪']","['如以寻衅滋事罪判处甲有期徒刑3年、缓刑3年,为有效维护医疗秩序,法院可同时发布禁止令,禁止甲1年内出入医疗机构']"
一个社会精神文明发展水平的重要标志是社会道德风尚.(),"['正确', '错误']",['正确']
排他性是现代公共生活的一大特性.,"['对', '错']",['错']
"“大道之行也,天下为公.选贤与能,讲信修睦.……故外户而不闭,是谓大同.”这里的“大同”指的是一种().","['道德理想', '职业理想', '社会理想', '生活理想']",['社会理想']
以下不属于基本权利的是().,"['选举权', '人身自由', '物权', '受教育权']",['物权']
"公共生活中的道德和()所追求的目标是一致的,都是通过规范人们的行为来维护公共生活中的秩序,实现社会稳定和经济发展.","['纪律', '政策', '法律', '守则']",['法律']
我国婚姻法所指的子女包括().,"['婚生子女', '非婚生子女', '养子女', '继子女']","['婚生子女', '非婚生子女', '养子女', '继子女']"
公司营业执照签发日期为公司成立日期.(),"['正确', '错误']",['正确']
"道德与法律是人类社会规范世界的两种不同的维度,二者是相互促进,相互补充,相互配合的关系.()","['正确', '错误']",['正确']
"“治国在于齐家”的思想,便说明了()的重要性.","['学校教育', '社会教育', '家庭教育', '特殊教育']",['家庭教育']
"在我国,受教育权主要指接受()的权利.","['免费义务教育', '中等技术和职业教育', '高等教育', '继续教育']",['免费义务教育']
五四运动的直接导火线是(),"['袁世凯接受日本提出的“二十一条”', '俄国十月革命的胜利', '李大钊《庶民的胜利》的发表', '巴黎和会上中国的外交失败']",['巴黎和会上中国的外交失败']
揭开维新变法运动序幕的事件是(),"['康有为第一次上书', '公车上书', '""南学会""创立', '《孔子改制考》发表']",['公车上书']
"“不以善小而不为,不以恶小而为之”,使其不断地积累成为个人品德.这种道德修养方法是().","['陶冶情操', '省察克治', '积善成德', '择善而从']",['积善成德']
中国特色社会主义共同理想集中体现了工人、(),"['农民、民族资产阶级、知识分子的利益和愿望', '农民、学生、干部的利益和愿望', '脑力劳动者与体力劳动者的利益和愿望', '农民、知识分子、其他劳动者、爱国者的利益和愿望']",['农民、知识分子、其他劳动者、爱国者的利益和愿望']
"根据我国宪法、立法法等法律的规定,以下说法不正确的是().","['国务院有权根据宪法和法律制定行政法规', '国务院各部门可以根据宪法、法律和行政法规,在本部门的权限范围内,制定部门规章', '自治县的人民代表大会不可以制定自治条例和单行条例', '特别行政区立法机关有权根据特别行政区基本法自主地制定本行政区的法律']",['自治县的人民代表大会不可以制定自治条例和单行条例']
"当发现理想与现实的矛盾时,不加分析地会盘认同当下的现实,对于现实中的一些消极乃至丑恶的现象不愤怒、不斗争,甚至与之同流合污.以这种方式看待和处理理想与现实矛盾实质上是()","['以理想来否定现实', '以理想来肯定现实', '以现实来否定理想', '以现实来肯定理想']",['以现实来否定理想']
"突破西周以来“学在官府”的传统,开启私人讲学之先河,提出“学而不厌,诲人不倦”、“有教无类,因材施教”等教育思想的是().","['朱熹', '孟子', '王阳明', '孔子']",['孔子']
"信念虽具有高于一般认识的稳定性,但稳定性也不是绝对的.()","['正确', '错误']",['正确']
家庭美德的主要内容包括尊老爱幼、男女平等、夫妻和睦、勤俭持家和邻里团结.(),"['正确', '错误']",['正确']
"从理想的()上划分,理想有社会政治理想、道德理想、职业理想和生活理想等.","['时序', '性质', '对象', '内容']",['内容']
毛泽东认为：游击战争在抗日战争中具有()地位.,"['重要', '战术', '战略', '次要']",['战略']
"据我国刑法规定,因犯罪被剥夺政治权利的人,在剥夺政治权利期间不能成为事业单位的员工.()","['正确', '错误']",['错误']
"婚姻家庭关系是特定的人与人之间的特殊关系,具有自然性和大众性.","['对', '错']",['错']
个人品德集中体现为道德认知、道德情感、道德意志和道德行为的内在统一.,"['对', '错']",['对']
"法的作用可以分为社会作用和规范作用,下列选项属于法的社会作用的有().","['指引作用', '制裁作用', '维护阶级统治的作用', '执行社会公共事务的作用']","['维护阶级统治的作用', '执行社会公共事务的作用']"
正当防卫的防卫客体只能是不法侵害人本人.(),"['正确', '错误']",['正确']
"中国各族人民都深深懂得国家分则弱、合则强的道理,反对分裂,反对战乱,希望国家统一,民族团结,人民安居乐业,经济繁荣发展.这体现了中华民族爱国主义传统中()","['抵御外来侵略,捍卫国家主权的精神', '维护祖国统一,促进民族团结的精神', '开发祖国山河,创造中华文明的精神', '心系民生苦乐,推动历史进步的精神']","['维护祖国统一,促进民族团结的精神']"
"某法院法官赵某在审理一起共同犯罪案件中,因其弟是犯罪嫌疑人之一而退出审判活动.这体现了诉讼法的().","['回避原则', '合议制原则', '公开审判原则', '两审终审原则']",['回避原则']
"宪法是国家的根本法,是治国安邦的总章程.下列关于宪法的说法中,正确的有().","['宪法具有最高的法律效力', '宪法居于一国法律体系的核心地位', '宪法规定了公民的基本权利和义务', '宪法与普通法律有着同样有修改程序']","['宪法具有最高的法律效力', '宪法居于一国法律体系的核心地位', '宪法规定了公民的基本权利和义务']"
"邓小平说：“美好的前景如果没有切实的措施和工作去实现它,就有成为空话的危险.”这说明不包括().","['社会实践是科学知识产生的源泉', '社会实践是联系理想和现实的桥梁', '有了理想并不意味着成功,更不意味着已经成功', '把理想转变为现实要付出辛勤的劳动,要靠实实在在的实践']",['社会实践是科学知识产生的源泉']
"既是职业生活中的基本道德规范的内容,又是我国公民道德建设重点的是()","['爱岗敬业', '诚实守信', '热情服务', '奉献社会']",['诚实守信']
"除了继承人,其他公民不能取得遗产.()","['正确', '错误']",['错误']
法律制裁主要有民事制裁、行政制裁和刑事制裁三种形式.下列选项中属于刑事制裁措施的是(),"['赔偿损失', '劳动教养', '没收财产', '赔礼道歉']",['没收财产']
"民事责任主要是财产责任,也可以是以()等作为责任承担内容的非财产责任.","['人身', '行为', '人格', '健康']","['人身', '行为', '人格']"
"根据解释主体和解释效力的不同,法律解释可以分为正式解释和非正式解释.下列属于正式解释的是()","['立法解释', '司法解释', '行政解释', '以上都是']",['以上都是']
"理想是人们在实践中形成的具有()的对美好未来的追求和向往,是人们的世界观、人生观和价值观在人生奋斗目标上的体现.","['必定实现性', '现实可能性', '超越客观性', '历史必然性']",['现实可能性']
关于公平正义以下表述错误的是(),"['公平正义是指社会的政治利益、经济利益和其他利益在全体社会成员之间合理、公平分配和占有.', '实现公平正义是一个漫长的过程,需要发展经济等创造实现的条件.', '公平正义主要包括权利公平、机会公平和救济公平.', '救济公平包括了司法救济公平,即司法要公正对待每一个当事人,致力于实现司法公正.']",['公平正义主要包括权利公平、机会公平和救济公平.']
"龚自珍告诫我们：“欲知大道,()","['必先知道', '必先知史', '必先知国', '必先知人']",['必先知史']
"运用法律规范,告诉人们不得做什么,指的是：()","['禁止性指引', '强制性指引', '义务性指引', '授权性指引']",['禁止性指引']
"大学生应当坚持文明上网,养成自我的上网习惯,成为净化网络空间的积极力量.","['对', '错']",['错']
"１９４７年１０月１０日,中国人民解放军总部发表宣言,提出()的口号","['打倒蒋介石,解放全中国', '一切反动派都是纸老虎', '百万雄师过大江', '挺进大别山']","['打倒蒋介石,解放全中国']"
人身自由是人们一切行动和生活的前提条件.人身自由是指().,"['是指人的身体不受拘束,因而被视为“最小限度的自由”', '是指人的行动自由', '是指人身自由不受非法限制和剥夺', '是指无限制的自由']","['是指人的身体不受拘束,因而被视为“最小限度的自由”', '是指人的行动自由', '是指人身自由不受非法限制和剥夺']"
我国特别行政区具有的权力包括立法权、终审权和外交权.(),"['正确', '错误']",['错误']
"爱国主义在不同的历史时代和文化背景下,其内涵不同.()","['对', '错']",['对']
大学生活要求同学们树立自立自强自信自律的生活意识.(),"['正确', '错误']",['正确']
"“得其大者可以兼其小.”青年大学生只有把认识理想融入国家和民族的事业中,才能最终成就一番事业.()","['正确', '错误']",['正确']
"到1919年五四运动之前,中国的产业工人已达()","['100万', '200万', '300万', '1000万']",['200万']
".在社会主义条件下,是否谦敬礼让成为人们衡量一个人行为和品质的是非、善恶、美丑的根本标准.()","['正确', '错误']",['错误']
法律义务的履行表现为两种形式().,"['思维逻辑推理', '作为', '不作为', '思维归纳']","['作为', '不作为']"
"理想是人们头脑中形成的,有实现可能性的、对未来社会和自身发展目标的向往和追求,是人们的世界观、人生观和价值观在奋斗目标上的集中体现.()","['正确', '错误']",['错误']
"中华民族在五千年发展中形成了爱国主义的优良传统.下列选项中,属于这种优良传统的是()","['维护祖国统一,促进民族团结', '抵御外来侵略,捍卫国家主权', '开发祖国山河,创造中华文明', '以上都是']",['以上都是']
"国家机关在获得权力的同时必须承担相应的职责和责任,是指().","['权力由法定', '违法受追究', '用权受监督', '有权必有责']",['有权必有责']
"()指出,是否发扬革命传统,是我国民主革命能够取得胜利的重要因素","['胡锦涛', '毛泽东', '江泽民', '邓小平']",['毛泽东']
我国刑罚体系由()构成.,"['主刑', '死刑', '罚金', '附加刑']","['主刑', '附加刑']"
"古希腊哲学家柏拉图早就认识到：“为着品德而去眷恋一个情人,总是一件很美的事.”近代法国启蒙思想家卢梭也曾强调：“我们之所以爱一个人,是由于我们认为那个人具有我们所尊重的品质”.他们的意思是说,在爱情中起主导作用的应该是：().","['个人的相貌和气度', '人的纵欲目的和生理要求', '个人所拥有的金钱和权势', '人的精神世界和道德面貌']",['人的精神世界和道德面貌']
"理想源于现实,又超越现实.()","['正确', '错误']",['正确']
"毛泽东说：“这一次我们去得好,击破国民党说共产党不要和平,不要团结的谣言.”这里的“这一次”是指()","['参加国民党“一大”', '和平解放西安事变', '参加政协会议', '赴重庆谈判']",['赴重庆谈判']
"为人民服务为核心内容的人生观,是科学高尚的人生观.()","['正确', '错误']",['正确']
"井冈山时期,毛泽东提出红色政权存在与发展必须坚持()","['武装斗争、土地革命、根据地建设', '党的建设、武装斗争、土地革命', '党的建设、武装斗争、统一战线', '武装斗争、土地革命、统一战线']",['武装斗争、土地革命、根据地建设']
爱岗敬业是社会主义职业道德中最高层次的要求.(),"['正确', '错误']",['错误']
"党的十八大提出,要倡导富强、民主、文明、和谐,倡导自由、平等、公正、法治,倡导爱国、敬业、诚信、友善,积极培育和践行社会主义核心价值观.这()","['与中国特色社会主义发展要求相契合', '与中华优秀传统文化相承接', '与人类文明优秀成果相承接', '是中国共产党凝聚全党全社会价值共识作出的重要论断']","['与中国特色社会主义发展要求相契合', '与中华优秀传统文化相承接', '与人类文明优秀成果相承接', '是中国共产党凝聚全党全社会价值共识作出的重要论断']"
"下列叙述中,体现了“公民在法律面前一律平等”的是()","['法律不能朝令夕改,法律适用的结果也不能随意被推翻', '法律的内容应当统一,下位阶的法律不得与上位阶的法律相抵触', '法律不在于多少,而在于是否由人民制定,是否切实体现和维护人民的意志和利益', '任何组织和个人都没有超越宪法和法律的特权,任何组织和个人的违法行为都必须依法受到追究']","['任何组织和个人都没有超越宪法和法律的特权,任何组织和个人的违法行为都必须依法受到追究']"
"恋爱是相爱的男女双方互相了解、建立和发展爱情的过程,也是婚前生活的一个相互考察阶段.恋爱双方应彼此真实真诚,自愿为对方承担责任.这是男女恋爱的基本道德要求中()","['文明相爱的要求', '平等互尊的要求', '真诚负责的要求', '强烈持久的要求']",['真诚负责的要求']
"中国传统道德始终重视整体利益,强调责任意识和奉献精神.以下不属于这个内容的是()","['公利胜私欲', '夙夜在公', '公而忘私', '民无信不立']",['民无信不立']
"尊重法律权威是社会主义法治观念和法治思维的核心要求,是建设社会主义法治国家的前提条件.()","['正确', '错误']",['正确']
遵义会议成为中共从幼稚走向成熟的标志主要是因为(),"['纠正了博古等人的“左”倾错误', '在事实上确立了毛泽东的正确领导', '独立运用马克思主义原理妥善处理自身问题', '肯定了毛泽东的正确军事主张']",['独立运用马克思主义原理妥善处理自身问题']
"爱国主义包含着情感思想行为三个方面,其中灵魂是","['情感', '意志', '思想', '行为']",['思想']
"道德修养是一个循序渐进的过程,古人云：“积土成山,风雨兴焉,积水成渊,蛟龙生焉；积善成德,而神明自得,圣心备焉.故不积跬步,无以至千里；不积小流,无以成江海.”下列名言中与这段话含义上近似的是().","['仁远乎哉？我欲仁,斯仁至矣', '勿以善小而不为,勿以恶小而为之', '君子求诸己,小人求诸人', '有能一日用其力予仁矣乎？我未见力不足者']","['勿以善小而不为,勿以恶小而为之']"
洋务运动最终没有使中国走上富强道路是因为().,"['维护清王朝的统治', '具有垄断性买办性', '得不到人民支持', '没有改变中国社会性质']",['没有改变中国社会性质']
下列各项最能说明五四运动标志着新民主主义革命开始的是(),"['在十月革命的影响下爆发', '提出反帝反封建的革命口号', '具有初步共产主义思想的知识分子起了领导作用', '无产阶级成为运动的主力军']",['无产阶级成为运动的主力军']
"太平天国最先分封的五王之中,哪一位最先牺牲？()","['东王', '南王', '西王', '北王']",['南王']
"人类社会发展的历史表明,对一个民族、一个国家来说,最持久、最深层的力量是()","['全社会共同认可的核心价值观', '文明的发展水平', '科技的发展水平', '生产力的发展水平']",['全社会共同认可的核心价值观']
"亚里士多德曾经指出：“法律所以能见成效,全靠民众的服从.”“邦国虽有良法,要是人民不能全部遵循,仍然不能实现法治.”这强调的是法律要有权威.()","['正确', '错误']",['正确']
现阶段我国各族人民的共同理想是全心全意为人民服务、全面建成小康社会.(),"['正确', '错误']",['错误']
爱国主义包含着()三个基本方面.,"['情感、意志和行为', '情感、思想和品德', '情感、思想和行为', '知识、意志和行为']",['情感、思想和行为']
()是个体的人生活动对社会、他人所具有价值.,"['人生的自我价值', '人生的社会价值', '人生态度', '人生道路']",['人生的社会价值']
"有权必有责,即权利义务相一致.()","['对', '错']",['对']
我国社会保障体系建立了()保险制度.,"['基本养老保险', '基本医疗保险', '工伤保险', '失业保险和生育保险']","['基本养老保险', '基本医疗保险', '工伤保险', '失业保险和生育保险']"
"人们在公共生活领域的安全意识和守法程度,是社会文明发展的主要表现.()","['正确', '错误']",['错误']
"对下列哪些不法侵害采取正当防卫行为,不负刑事责任.()","['正在进行行凶、杀人的', '正在进行抢劫的', '正在进行强奸的', '正在进行绑架的']","['正在进行行凶、杀人的', '正在进行抢劫的', '正在进行强奸的', '正在进行绑架的']"
我国宪法特别规定了公民的基本义务.下列不属于公民基本义务的是().,"['遵守宪法和法律的义务', '尊重他人权利', '依法服兵役', '维护祖国安全']",['尊重他人权利']
"个人与社会的关系,最根本的是()","['人的自然属性与社会属性的关系', '个人需要与社会需要的关系', '享受个人权利与承担社会责任的关系', '个人利益与社会利益的关系']",['个人利益与社会利益的关系']
"在抗战困难时期,中共采取的巩固统一战线的措施有①建立三三制政权②开展大生产运动③进行整风运动④实行减租减息政策⑤实行精兵简政提供()","['①②③④', '①③⑤', '①④', '②③⑤']",['①④']
马克思主义具有与时俱进的理论品格和持久的生命力.(),"['对', '错']",['对']
宗教信仰自由属于普通权利.(),"['正确', '错误']",['错误']
"认真学习社会公共生活中的相关法律法规,是自觉遵守社会公德的前提和基础.()","['正确', '错误']",['错误']
下列关于信念的认识中不正确的是().,"['信念是对客观规律的正确认识', '信念是一种单纯的知识或想法', '信念是连接理想与现实的桥梁', '信念是人类特有的一种精神现象']",['信念是一种单纯的知识或想法']
"1946年政协会议的决议很快被国民政府撕毁,主要是因为()","['代表了中共的利益', '妨碍了美国控制中国', '冲破了蒋介石的独裁统治', '不利于国民党发动内战']",['冲破了蒋介石的独裁统治']
当前世界范围内综合国力竞争的焦点集中在科技、教育与人才.(),"['正确', '错误']",['正确']
"人生观是人们关于人生目的、人生态度、人生价值等问题的总观点和总看法.对人的认识,核心在于认识()","['人的本质', '人的属性', '人的行为', '人的阶级关系']",['人的本质']
法律权利与法律义务相对应.(),"['正确', '错误']",['正确']
"尊重法律权威,其中一条基本要求是服从法律,以下哪种行为是错误的？()","['因违法被行政处罚的,真心接受,认真履行.', '对人民法院依法公正做出的生效裁决,主动履行.', '对学校依法做出的各种奖惩规定,严格执行.', '当法院裁决与我的利益需求冲突时,可以不服从.']","['当法院裁决与我的利益需求冲突时,可以不服从.']"
抗战初期两条不同抗战路线的根本区别是(),"['是否抵抗日本侵略', '是否依靠人民群众', '是否合作抗战', '是否积极抗战']",['是否依靠人民群众']
下列哪一个法律文件是中国近现代历史上第一部宪法性文件().,"['《重大信条十九条》', '《钦定宪法大纲》', '《中华民国约法》', '《中华苏维埃共和国宪法大纲》']",['《钦定宪法大纲》']
"1898年6月16日,康有为上书光绪帝：“皇上勿去旧衙门,而唯增新衙门；勿革旧大臣,而渐擢小臣.多召见才俊之士,不必加其官而委以差事,赏以卿衔,准其专折奏事足矣.”这段话最能反映维新派在变法中的态度是()","['要光绪帝加强对封建官吏的争夺', '要光绪帝在变法中讲究策略', '要使更多的维新派参与政权', '在封建势力面前表现出妥协性和软弱性']",['在封建势力面前表现出妥协性和软弱性']
"太平天国运动之所以是几千年来中国农民战争的最高峰,最主要是因为()","['其规模和时间均属空前', '建立了与清政府对峙的政权', '思想、组织水平高于历次农民战争', '对封建王朝的打击空前严重']",['思想、组织水平高于历次农民战争']
"人的本质并不是单个人所固有的抽象物,在其现实性上,它是一切社会关系的总和.()","['正确', '错误']",['正确']
"1927年,汪精卫在武汉制造了屠杀共产党人和革命群众的()","['中山舰事件', '整理党务案事件', '四一二政变', '七一五政变']",['七一五政变']
主张“仁者自爱”的是().,"['孟子', '孔子', '荀子', '告子']",['荀子']
"按照法律规定的内容不同,可以划分为","['成文法和习惯法', '实体法和程序法', '一般法和特别法', '国内法和国际法']",['实体法和程序法']
"如果母亲和女朋友同时掉到河里,你只能救一个人,请问你要救谁？为什么？()","['先救自己的母亲,否则就要背上娶了媳妇忘了娘之类的道德谴责.', '先救自己的母亲,因为母亲怀胎十月,育我成年,这份情谊,何人能比.', '救母亲代表我选择了社会公义,救女朋友则代表我选择了个人私利,面对社会公义与个人私利的抉择,我应该当然的选择公义.', '救母亲,根据婚姻与继承法的有关规定,家庭成员之间存在互相救助的强制义务,受法律所保护；而你与女朋友之间则只是单纯的情感关系,并不受法律的直接保护.']","['救母亲,根据婚姻与继承法的有关规定,家庭成员之间存在互相救助的强制义务,受法律所保护；而你与女朋友之间则只是单纯的情感关系,并不受法律的直接保护.']"
新文化运动的基本口号(),"['反对旧文学提倡新文学', '反对旧道德提倡新道德', '民主与科学', '民主与法制']",['民主与科学']
学习思想道德修养与法律基础课程的方法是().,"['自觉', '善于创新', '理论联系实际', '学习借鉴传统']",['理论联系实际']
"加强未成年人的思想道德教育,应把()工作放在素质教育的首位.","['智育', '美育', '德育', '体育']",['德育']
法律义务的内容和履行方式随着()而不断调整和变化.,"['法治水平的提高', '经济社会的发展', '人权保障的进步', '民主程度的提高']","['经济社会的发展', '人权保障的进步']"
井冈山根据地的建立与巩固(),"['确立党对军队的绝对领导', '开辟了农村包围城市武装夺取政权的道路提供自考资料', '是中共独立领导武装斗争的开端', '是土地革命战争时期的开始标志提供自考资料']",['开辟了农村包围城市武装夺取政权的道路提供自考资料']
合理利己主义(),"['是一种正确的人生目的', '在市场经济条件下应该提倡的一种人生观', '“人不为己,天诛地灭”就是这种人生观的真实写照', '它的核心是利己,把利他作为利己的手段']","['它的核心是利己,把利他作为利己的手段']"
人类社会发展的必然趋势是公共生活领域随着经济社会的不断发展而逐渐扩大.(),"['正确', '错误']",['正确']
"英国法理学家边沁提出：在一个法治的政府之下,善良公民的座右铭是什么?那就是“严格地服从,自由地批判”.这意味着()","['公民要培养法律至上的法治思维,当自己的利益与法律的规则冲突时也能够服从法律并作出符合法律的选择.', '公民要有批判的精神,不能一味服从政府的管理.', '权力需要制约,政府的用权也必须受到党内监督、法律监督、舆论监督,让人民监督权力,让权力在阳光下运行.', '公民要培养法律至上的思维,服从于法治政府的依法管理；同时公民也享有宪法规定的批评权和建议权,对国家机关和工作人员有监督权.']","['公民要培养法律至上的思维,服从于法治政府的依法管理；同时公民也享有宪法规定的批评权和建议权,对国家机关和工作人员有监督权.']"
"人们希望自己能选择一种理想的职业,找到一个理想的工作；并希望自己在工作和职业活动中达到理想的境界,取得理想的成绩.这反映的是()","['生活领域的理想信念', '职业领域的理想信念', '道德领域的理想信念', '社会领域的理想信念']",['职业领域的理想信念']
陈独秀右倾投降主义的最主要的错误是(),"['害怕工农运动', '反对土地改革', '一切服从国民党', '放弃革命领导权']",['放弃革命领导权']
"现代社会,商场购物、歌厅娱乐、广场漫步、公园休闲、体育健身、网上冲浪等,反映了现代社会人们公共生活的()特点.","['活动范围的广泛性', '交往对象的复杂性', '活动主体的多元性', '活动方式的多样性']",['活动方式的多样性']
".法律保护的是统治阶级的整体利益,所以统治阶级也必须遵守法律.()","['正确', '错误']",['正确']
"前路崎岖君勿虑,扬鞭更上青云去.体现了中华民族的","['勤劳勇敢精神', '自强不息精神', '实事求是的精神', '艰苦奋斗精神']",['自强不息精神']
一个人进行思想、道德、科学文化、心理审美等自我修养所达到的实践水平或程度是().,"['修养的途径', '修养的境界', '修养的目的', '修养的内容']",['修养的境界']
一诺千金的成语和以下哪位历史人物相关？(),"['项羽', '荆轲', '李斯', '季布']",['季布']
公民的政治权利构成了实现人民主权原则及各种具体民主制度不可或缺的前提条件.(),"['正确', '错误']",['正确']
"道德通过评价等方式,指导和纠正人们的行为和实践活动,协调社会关系和人际关系,这是道德的规范功能.","['对', '错']",['错']
"网络的虚拟性与行为主体的隐匿性,使个体的道德力量成为维护网络道德规范的基本保障.()","['正确', '错误']",['错误']
《共产党宣言》问世于(),"['1842年', '1748年', '1742年', '1848年']",['1848年']
"人类社会需要道德,也产生和发展了道德.下列有关道德起源的说法中,正确的是().","['道德起源于人性中的情感、欲望', '道德起源于动物的合群感和互助本能', '道德起源于人先天具有的某种良知和善良意志', '道德产生于人类的历史发展和人们的社会实践中']",['道德产生于人类的历史发展和人们的社会实践中']
()是社会主义法治的核心内容.,"['依法治国', '执法为民', '党的领导', '公平正义']",['依法治国']
"法律不是从来就有的,但是会永远存在下去.()","['正确', '错误']",['错误']
"“天兵来杀妖,全为穷乡亲.打下南京城,就把田地分.”这首曾在安徽芜湖地区流传的歌谣反映的史实是()","['朱元璋建立明朝政权', '鄂豫皖根据地的土地革命', '太平天国农民运动', '北伐战争时期安徽的农民斗争']",['太平天国农民运动']
爱国主义最基本的内容是(),"['对祖国的忠诚和热爱', '爱任何性质的任何国家', '对故乡和亲人的深深眷恋', '鄙视和离弃祖国的某些不尽如人意的地方']",['对祖国的忠诚和热爱']
.马克思主义认为道德产生于人类的历史发展和人们的社会实践中.(),"['正确', '错误']",['正确']
家庭道德是人类社会中最起码的行为准则.(),"['正确', '错误']",['错误']
"社会主义道德建设必须以集体主义为原则,这样做的目的是().","['反对一切形式的个人利益', '维护个人所属的小团体或单位的特殊利益', '在现实中追求个人利益和集体利益的最大和谐发展', '在任何情况下,只要个人利益和集体利益发生矛盾,就必然要个人做出牺牲']",['在现实中追求个人利益和集体利益的最大和谐发展']
"在确立科学正确的人生观的过程中,人们往往不可回避的问题是“如何看待金钱”.下列有关人生与金钱的说法正确的是().","['金钱拜物教使人唯利是图,损人利己', '人要做金钱的主人,不能做金钱的奴隶', '在市场经济时代,追求金钱是人生的最高目的', '金钱只是人生存和发展的一个条件,不是人生的全部']","['金钱拜物教使人唯利是图,损人利己', '人要做金钱的主人,不能做金钱的奴隶', '金钱只是人生存和发展的一个条件,不是人生的全部']"
在马关条约中最有利于列强对华经济扩张的条款是(),"['开辟新的内河航线', '在苏杭富庶地区开放新的通商口岸', '允许日本在通商口岸开设工厂', '给于日本巨额赔款']",['允许日本在通商口岸开设工厂']
"法律是由国家制定或认可并依靠国家()保证实施的,以确认、保护和发展有利于统治阶级的社会关系和社会秩序为目的的行为规范体系.","['强制力', '综合国力', '经济实力', '软实力']",['强制力']
"道德的发展,是一个()的历史过程.","['直线上升', '直线下降', '曲折上升', '平直前进']",['曲折上升']
"理想与现实的矛盾,根本上说是“应然”与“实然”的矛盾,如果理想与现实完全等同,理想的存在就毫无意义.()","['正确', '错误']",['正确']
"时代呼唤英才,希望在于青年.当代大学生需要确立的()是成为德智体美全面发展的社会主义事业的合格建设者和可靠接班人.","['成才目标', '人生理想', '人生目的', '人生价值']",['成才目标']
"陈独秀的右倾投降主义和王明“左”倾冒险主义都给中国带来严重危害,这两次错误路线产生的根源在于()","['共产国际错误指导', '错误领导人排挤毛泽东', '中共处于幼年时期,理论思想尚不成熟', '国民党分化破坏活动']","['中共处于幼年时期,理论思想尚不成熟']"
我国公民基本义务有().,"['A、维护国家统一', 'B、维护各民族的团结', 'C、保守国家秘密', 'D、依法服兵役', 'E、依法纳税']","['A、维护国家统一', 'B、维护各民族的团结', 'C、保守国家秘密', 'D、依法服兵役', 'E、依法纳税']"
任何权利的行使都是绝对的.(),"['正确', '错误']",['错误']
"国民党在全国的统治建立后,官僚资本的垄断活动首先和主要是从()","['重工业方面开始的', '商业方面开始的', '轻工业方面开始的', '金融业方面开始的']",['金融业方面开始的']
显失公平的民事行为是无效的民事行为.(),"['正确', '错误']",['错误']
"就我国现行法律而论,“法律”一词有广义和狭义两种用法.狭义的法律仅指().","['宪法', '全国人民代表大会及其常务委员会制定的法律', '全国人民代表大会及其常务委员会制定的法律和国务院制定的行政法规', '民族自治地方人民代表大会制定的自治条例和单行条例']",['全国人民代表大会及其常务委员会制定的法律']
大革命开始时的革命根据地在何处？(),"['湖南', '广东', '广西', '江西']",['广东']
"理想说到底是一个实践问题,不是思想认识问题.()","['正确', '错误']",['错误']
"下列说法中,错误的是()","['党的领导是人民当家作主和依法治国的根本保证', '人民当家作主是党的领导和依法治国的本质要求', '党的领导是依法治国的本质要求和最终目标', '依法治国是党领导人民当家作主的治国方略']",['党的领导是依法治国的本质要求和最终目标']
任何权利的行使都必须依照法律规定的限度来行使权利.(),"['正确', '错误']",['正确']
"在伦敦海格特公墓马克思的墓碑上,镌刻着马克思的一句名言：“哲学家们只是用不同的方式解释世界,而问题在于改变世界.”这说明().","['马克思主义是科学的又是崇高的', '马克思主义具有持久的生命力', '马克思主义重视实践、以改造世界为己任', '马克思主义是一个开放的理论体系']",['马克思主义重视实践、以改造世界为己任']
.一个行为可以同时是权利行为和义务行为.(),"['正确', '错误']",['正确']
继承和弘扬中华传统美德能够().,"['提高民族的自尊心', '提高民族的自信心', '增强民族的自豪感', '增强民族的责任感']","['提高民族的自尊心', '提高民族的自信心', '增强民族的自豪感', '增强民族的责任感']"
"古希腊柏拉图提出的“哲学王”之治,我国古代推崇的“圣君”、“贤人”之治以及后世的“英雄”、“强人”、“能人”之治等,主要强调的都是依靠个人的能力治国理政,这都体现了()思维.","['法治', '人治', '德治', '理性']",['人治']
"内心信念也称良心,它也是一种信念.()","['正确', '错误']",['正确']
"古语“独学而无友,则孤陋而寡闻”道出了()学习理念的重要性.","['自主', '全面', '合作', '创新']",['合作']
"1949年3月,中共七届二中全会在()召开","['陕北米脂县杨家沟', '河北平山县西北坡', '陕北洛川县冯家村', '陕北子长县瓦窑堡']",['河北平山县西北坡']
"我国依宪治国、依宪执政与西方宪政的本质区别,其中领导力量不同是重要区别.西方是资产阶级领导,我国是()领导.","['集体', '中国共产党', '人民代表大会', '工人阶级']",['中国共产党']
"1937年8月,南方红军和游击队,除琼崖红军游击队外,改编为国民革命军陆军新编第四军,()任军长.","['陈毅', '叶挺', '刘少奇', '项英']",['叶挺']
"家庭中的男女平等既表现为经济权力和义务的平等、人格地位上的平等,又表现为平等地对待自己的子女.()","['正确', '错误']",['错误']
"爱因斯坦在评价居里夫人时说：“第一流人物对于时代和历史进程的意义,在其道德品质方面,也许比单纯的才智成就方面还要大.”对此我们应当这样来理解().","['居里夫人对社会的贡献主要在精神方面、思想道德方面', '难以计量的精神财富不比物质财富价值小', '衡量一个人的人生价值,主要看其在精神方面、思想道德方面对社会的贡献', '衡量一个人的人生价值,既要看其在物质方面对社会的贡献,又要注重其在精神方面、思想道德方面对社会的贡献']","['难以计量的精神财富不比物质财富价值小', '衡量一个人的人生价值,既要看其在物质方面对社会的贡献,又要注重其在精神方面、思想道德方面对社会的贡献']"
"人有地域和信仰的不同,因此报效祖国之心应有差别.()","['正确', '错误']",['错误']
"行使出版自由权利要遵守相应的法律义务,不得有以下行为().","['反对宪法确定的基本原则的；危害国家统一、主权和领土完整的', '泄露国家秘密、危害国家安全或者损害国家荣誉和利益的；煽动民族仇恨、民族歧视,破坏民族团结,或者侵害民族风俗、习惯的；宣传邪教、迷信的；扰乱社会秩序,破坏社会稳定的；宣扬淫秽、赌博、暴力或者教唆犯罪的', '侮辱或者诽谤他人,侵害他人合法权益的；', '危害社会公德或者民族优秀文化传统的；有法律、行政法规和国家规定禁止的其他内容的.']","['反对宪法确定的基本原则的；危害国家统一、主权和领土完整的', '泄露国家秘密、危害国家安全或者损害国家荣誉和利益的；煽动民族仇恨、民族歧视,破坏民族团结,或者侵害民族风俗、习惯的；宣传邪教、迷信的；扰乱社会秩序,破坏社会稳定的；宣扬淫秽、赌博、暴力或者教唆犯罪的', '侮辱或者诽谤他人,侵害他人合法权益的；', '危害社会公德或者民族优秀文化传统的；有法律、行政法规和国家规定禁止的其他内容的.']"
"在一定期限剥夺犯罪分子的人身自由,强制其从事劳动生产,并进行教育和矫正的一种刑罚,被称为拘役.()","['正确', '错误']",['错误']
以下哪些权利属于基本权利().,"['选举权', '劳动权', '受教育权', '物权']","['选举权', '劳动权', '受教育权']"
下列言行是不符合爱国主义的().,"['倡导国际主义', '旨在制造国家分裂的言行', '损害国家主权和领土完整的言行', '倡导和平共处五项原则']","['旨在制造国家分裂的言行', '损害国家主权和领土完整的言行']"
"下列有关依法治国与以德治国的说法中,正确的是()","['以德治国是在依法治国的基础上对人们的思想道德提出的更高要求', '依法治国基本方略的充分实现,有利于社会主义道德水平的普遍提高', '推行以德治国,提高社会道德水平,必然促进社会主义法治的有效实现', '以上都是']",['以上都是']
"“士不可不弘毅,任重而道远”指人要树立学习意识和忧患意识.()","['正确', '错误']",['错误']
下列属于个体人权的是().,"['种族平等权', '发展权', '生命权', '和平权']",['生命权']
"迄今为止,法律发展史上相应产生了五种法律.()","['正确', '错误']",['错误']
民族精神形成了以爱国主义为核心的().,"['团结统一', '爱好和平', '勤劳勇敢', '自强不息']","['团结统一', '爱好和平', '勤劳勇敢', '自强不息']"
中国民主革命胜利的基本经验的核心是(),"['开展武装斗争', '建立广泛的革命统一战线', '走农村包围城市的道路', '中国共产党的正确领导']",['中国共产党的正确领导']
()是用来保障公民享有直接参与社会公共事务管理的权利.,"['选举权', '被选举权', '罢免权', '监督权']",['被选举权']
"公民拥有对国家机关和国家工作人员在工作中的错误、缺点提出谴责性的意见的权利,称为().","['建议权', '批评权', '申诉权', '检举权']",['批评权']
"下列事件中,没有共产国际代表直接参与的是()","['中国共产党成立', '红军第五次反“围剿”20', '南昌起义', '广州起义']",['南昌起义']
"全国抗战初期,国共合作最典型的战役是()","['淞沪会战', '太原会战', '徐州会战', '武汉会战']",['太原会战']
"人类在长期社会生活实践中逐渐积累起来的、为社会交往和社会公共生活所应当遵守的最基本的行为准则,称为().","['社会公德', '职业道德', '家庭美德', '个人品德']",['社会公德']
"518．民主集中制是中国特色社会主义法治体系的根本制度基础,是全面依法治国的根本制度保障.()","['正确', '错误']",['错误']
"法治发挥作用要以国家强制力为后盾,主要依靠法律的()对公民和社会组织的行为进行约束并对违法行为追究法律责任.","['预测作用', '惩罚作用', '威慑作用', '预防作用']","['预测作用', '惩罚作用', '威慑作用', '预防作用']"
婚姻和家庭是爱情在内容和形式上的升华.(),"['正确', '错误']",['正确']
受教育权属于基本权利.(),"['正确', '错误']",['正确']
职业道德是全体公民在社会交往中应该遵守基本行为准则.(),"['正确', '错误']",['错误']
"没有权利,义务的设定就失去了目的和根据.()","['正确', '错误']",['正确']
信念具有执着性、多样性特征.(),"['正确', '错误']",['正确']
"共产主义是一种理想、一种制度、一种学说,更是()","['一种方法', '一种立场', '一种实践', '一种观点']",['一种实践']
"道德同社会经济关系相比,是第二性的、被决定的；但道德一经产生就有巨大的能动作用.下列选项中属于道德的社会作用的有().","['道德决定经济基础的形成、巩固和发展', '道德能够保护或者破坏一定阶级的政治统治', '道德是影响社会生产力发展的一种重要的精神力量', '道德对其他社会意识形态的存在和发展有着重大影响']","['道德能够保护或者破坏一定阶级的政治统治', '道德是影响社会生产力发展的一种重要的精神力量', '道德对其他社会意识形态的存在和发展有着重大影响']"
"中共成立之后,农民运动轰轰烈烈地开展起来,1921年9月成立的中国第一个农民协会是()","['汕头农民协会', '岳北农民协会', '衙前农民协会', '东兰农民协会']",['衙前农民协会']
".公民若行使自己权利而损害了国家、集体和他人的利益,则是侵权行为.()","['正确', '错误']",['正确']
科学高尚的人生观是(),"['拜金主义', '享乐主义', '利己主义', '为人民服务']",['为人民服务']
办事公道是社会主义职业道德中最高层次的要求.(),"['正确', '错误']",['错误']
我国最高国家行政机关是国务院.(),"['正确', '错误']",['正确']
"我国自古就有“君子成人之美”、“博施济众”等广为流传的格言,把帮助别人视为自己应做之事,看作自己的快乐.这是社会公德中()的要求.","['保护环境', '遵纪守法', '爱护公物', '助人为乐']",['助人为乐']
"个人品德不是偶然的、短暂的道德行为现象,而是在实践活动中表现出来的行为的稳定倾向.()","['正确', '错误']",['正确']
每种职业都有自己的职业道德.(),"['正确', '错误']",['正确']
"1946年召开的政协会议,通过有利于人民的决议不包括()","['召开国民大会,制定宪法', '改组国民政府', '结束训政,实施宪政', '实施和平建国纲领']","['结束训政,实施宪政']"
爱国主义与爱社会主义的一致性这一基本要求主要针对的是(),"['所有中华人民共和国公民', '世界范围的所有华人', '港澳台以及海外同胞', '生活在大陆的中华人民共和国公民']",['生活在大陆的中华人民共和国公民']
革命派与保皇派的论战实质上反映了(),"['民主政治与封建专制的矛盾', '民主共和制与君主立宪制的矛盾', '资产阶级与地主阶级的矛盾', '资本主义经济与封建经济的矛盾']",['民主共和制与君主立宪制的矛盾']
"“尊老爱幼、男女平等、夫妻和睦、勤俭持家、邻里团结”,是现代社会生活中()","['家庭美德的主要内容', '以德治国的主要内容', '职业道德的主要内容', '社会公德的主要内容']",['家庭美德的主要内容']
以下()是中华民族传统美德的内容.,"['以人为本,人道主义', '立志勤学,持之以恒', '仁以待人,以礼敬人', '公忠为国,反抗外族侵略']","['立志勤学,持之以恒', '仁以待人,以礼敬人', '公忠为国,反抗外族侵略']"
"人格独立的人,除了要有独立生活能力,还必须有().","['独立思考能力', '创新能力', '实践能力', '包容精神']",['独立思考能力']
"“不矜细流,终累大德”是指人的矜持会拖累道德的形成.()","['正确', '错误']",['错误']
"在我国,最低就业年龄为16周岁.所以,任何单位使用低于16周岁的公民从事任何工作都是违法的.(","['正确', '错误']",['错误']
"爱国主义在不同的历史时代和文化背景下,有着不同的内涵.在我国新民义革命时期,爱国主义主要表现在致力于推翻帝国主义、封建主义和官僚资本主义的反动统治,把黑暗的旧中国改造成光明的新中国.在现阶段,爱国主义主要表现在献身于建设和保卫社会主义现代化事业,献身于促进祖国统一大业.这体现了().","['爱国主义是历史的、抽象的', '爱国主义是历史的、具体的', '爱国主义是客观的、抽象的', '爱国主义是主观的、具体的']",['爱国主义是历史的、具体的']
"道德建设的最终目标就是要恢复中国“固有文化”,形成以中国传统文化为主体的道德体系,并通过这种传统道德的复兴衍生出现代的科学和民主,即所谓()","['“虚无主义”', '“复古思潮”', '“复兴主义”', '“返本开新”']",['“返本开新”']
"“千里之行,始于足下”告诉我们：理想的实现需要每个人从我做起,从现在做起,从平凡做起.这是因为().","['理想是人们为之奋斗的目标', '社会实践是产生科学知识的源泉', '把理想变为现实,要靠努力奋斗,在实践中才能实现', '有了坚定的信念,理想就会自然得到实现']","['把理想变为现实,要靠努力奋斗,在实践中才能实现']"
最高人民法院是国家的().,"['最高审判机关', '专门审判机关', '最高司法机关', '特别审判机关']",['最高审判机关']
人类最初的道德的表现形式是社会舆论.(),"['正确', '错误']",['错误']
爱情是缔结婚姻、组成家庭的前提和基础.(),"['正确', '错误']",['正确']
"在个人独处、无人监督时,也坚守自己的道德信念,对自己的言行,小心谨慎,自觉按道德要求行事,不做任何不道德的事.这种完善道德品质的修养方法是()","['省察克治', '慎独自律', '陶冶情操', '择善而从']",['慎独自律']
中华传统的根本要求是(),"['以和为贵', '注重人伦价值', '追求精神境界,向往理想人格', '公义胜私欲']",['公义胜私欲']
"法律援助是指由政府设立的法律援助机构组织法律援助的律师,为经济困难或特殊案件(如刑事案件的被告人是盲、聋、哑或者未成年人没有委托辩护人的)的人无偿提供法律服务的一项法律保障制度.法律援助是一种()","['行政救济公平', '司法救济公平', '社会救济公平', '以上都是']",['司法救济公平']
理想具有实现的(),"['可能性', '必然性', '偶然性', '随意性']",['可能性']
《中华人民共和国公司法》所称公司是指依照《中华人民共和国公司法》在中国境内与国外设立的有限责任公司和股份有限公司.(),"['正确', '错误']",['错误']
".在私人生活中,一个人的行为,必定与他人发生直接或间接的联系,具有开放性和透明性.()","['正确', '错误']",['错误']
"在下列概念中,能体现“依法治国”的实质是()","['法制', '法治', '人治', '人制']",['法治']
"职业生活是否顺利不仅取决于个人的专业知识和技能,还取决于个人的社会交往.()","['正确', '错误']",['错误']
家庭美德的主要内容包括尊老爱幼、男女平等、夫妻和睦、勤俭持家和邻里团结.,"['对', '错']",['对']
"领导干部要做尊法学法守法用法的模范,带动全党全国一起努力,在建设中国特色社会主义法治体系、建设社会主义法治国家上不断见到新成效.()","['正确', '错误']",['正确']
理想超越现实是指(),"['理想是与奋斗目标相联系的未来的现实', '理想是超脱于现实的未来想象', '理想是对现实的全面否定', '理想是人们的自由想象']",['理想是与奋斗目标相联系的未来的现实']
"从法律所体现的意志来看,我国社会主义法律就是工人阶级领导下的广大人民意志的体现.()","['正确', '错误']",['正确']
"社会主义核心价值观倡导的爱国、敬业、诚信、友善的价值目标,深入回答了我们要培育什么样的()的重大问题.","['民族', '国家', '社会', '公民']",['公民']
"理想之所以能够成为一种推动人们创造美好生活的巨大力量,就在于它不仅具有现实性而且具有预见性.()","['正确', '错误']",['正确']
"从道德特征来说,道德和法律一样,都是人类把握世界的特殊的实践精神.()","['正确', '错误']",['正确']
"中国革命必须走农村包围城市最后夺取城市这样一条道路,主要取决于()","['中国农民人口多', '中国半殖民地半封建社会性质', '中国革命的发展趋势', '敌人在农村力量薄弱题']",['中国半殖民地半封建社会性质']
1929年4月制定的《兴国土地法》对《井冈山土地法》的一个原则性纠正是(),"['改土地归工农民主政府所有为归农民自己所有', '改按人口平分土地为按劳动力分配土地', '改没收一切土地为没收一切公共土地及地主阶级的土地', '改“抽多补少”为“抽肥补瘦”']",['改没收一切土地为没收一切公共土地及地主阶级的土地']
"国家通过实施法律对违法行为进行否定和制裁,对合法行为加以肯定和保护,这体现了法律的().","['规范性', '强制性', '义务性', '限制性']",['强制性']
"培育和弘扬民族精神和时代精神,是社会主义核心价值体系的精髓.()","['正确', '错误']",['正确']
"2004年教育部发布的《普通高校学生管理规定》确认,在校大学生可以结婚.()","['正确', '错误']",['错误']
"俗话说,迟到的正义是有瑕疵的正义,指的是程序的().","['合法性', '时限性', '公开性', '参与性']",['时限性']
"公民通过行使听证、复议等权利,要求国家行政机关以行政裁决的形式实现对权利的救济.这种形式的救济属于().","['司法救济', '行政救济', '自力救济', '政治救济与社会救济']",['行政救济']
"下列说法中,错误的是().","['为人民服务是社会主义经济基础的客观需要', '为人民服务是社会主义人际关系的客观要求', '市场经济就是要求全心全意为人民服务', '为人民服务是社会主义市场经济健康发展的要求']",['市场经济就是要求全心全意为人民服务']
"家风正不正,其实与个人品行无关.()","['正确', '错误']",['错误']
"2015年上海复旦大学研究生投毒杀害室友被判死刑此案引起关注,有人讽刺说大学顺利毕业要谢室友不杀之恩对如何处理室友关系,认识较为合理的是","['室友之间发生矛盾是正常的,兵来将挡,水来土掩,对抗中实现了平衡,关系就好了', '室友之间少打交道,自然可以避免矛盾', '必须容忍退让,特别是遇到强势的同学,坚决避免冲突,安全第一', '室友之间要宽容,容人宽谅,对非原则性的问题不要斤斤计较']","['室友之间要宽容,容人宽谅,对非原则性的问题不要斤斤计较']"
"“一国两制”是求维护祖国统一之同,存意识形态之异.()","['正确', '错误']",['正确']
"只要是法律权利,权利主体想怎么行使就怎么行使.()","['正确', '错误']",['错误']
"公民若行使自己权利而损害了国家、集体和他人的利益,则是侵权行为.()","['正确', '错误']",['正确']
"社会主义核心价值观是社会主义意识形态的核心内容,也是国家软实力的核心内容.","['对', '错']",['对']
"人生目的是人生的航标,指引着人生的航向.()","['正确', '错误']",['正确']
国家安全问题事关国家安危和民族存亡.事关每个公民的切身利益.下列关于国家安全问题的说法中不正确的是(),"['现代意义上的国家安全仅指国防安全', '维护国家安全是公民的基本法律义务', '公共卫生安全和食品安全也属于国家安全的内容', '公民和组织在维护国家安生中享有检举、控告的权利']",['现代意义上的国家安全仅指国防安全']
五四爱国运动的左翼骨干.其代表为(),"['毛泽东', '周恩来', '董必武', '何淑衡']",['毛泽东']
"解放战争时期,解放军收复延安是在()","['粉碎国民党全面进攻期间', '进行战略反攻期间', '三大战役期间', '渡江战役期间']",['进行战略反攻期间']
"男女双方的恋爱行为,客观上是对社会负有相应道德责任的行为.下列选项中,属于恋爱中男女应遵循的基本道德要求的有().","['恋爱过程中要有高尚的情趣和健康的交往方式', '恋爱应尊重对方情感和人格,平等履行道德义务', '爱是积累经验的过程,随便谈谈,不考虑将来结婚', '恋爱中的男女应拒绝同恋爱对象以外的其他任何人进行交往']","['恋爱过程中要有高尚的情趣和健康的交往方式', '恋爱应尊重对方情感和人格,平等履行道德义务']"
公民道德建设的重点是诚实守信.(),"['正确', '错误']",['正确']
关于权力制约以下表述错误的是(),"['法律是约束权力最大的“笼子”,具有制约公权力的重要功能.', '权力法定,法无授权不可为,是指任何组织和个人的权力必须来自法律明确的授予.', '有权必有责,是指国家机关在获得权力的同时必须承担相应的职责和责任.', '用权受监督,是指国家权力的运行和行使必须接受各种形式的监督.']","['权力法定,法无授权不可为,是指任何组织和个人的权力必须来自法律明确的授予.']"
"“有志者,事竟成”是说,有了理想,就能实现.()","['正确', '错误']",['错误']
"1941年9月,中国民主政团同盟创办了盟报()2010年","['《光明报》', '《大公报》', '《文汇报》', '《国闻报》']",['《光明报》']
"道德原则规范所表现出的外在活动,称为().","['道德行为', '道德意志', '道德信念', '道德认知']",['道德行为']
"理想信念是一个思想认识问题,而不是一个实践问题.()","['对', '错']",['错']
"要树立新的学习理念,就必须树立()的理念.","['自主学习', '全面学习', '创新学习', '终身学习']","['自主学习', '全面学习', '创新学习', '终身学习']"
"公民对国家机关和国家工作人员实施的损害他人或社会公共利益的违法失职行为,有权向有关国家机关揭发事实真相,请求依法处理的权利,称为().","['批评权', '建议权', '申诉权', '检举权']",['检举权']
"在民主政治建设领域,规范人们行动的标准首先是().","['法律', '道德', '习俗', '礼仪']",['法律']
"弘扬以改革创新为核心的时代精神,必须大力推进文化创新,在文化创新中必须坚持的指导思想是()","['贴近实际和贴近群众', '发扬民族文化的优秀传统', '中国先进文化的前进方向', '马克思主义']",['马克思主义']
"适用刑法人人平等原则,就是在形式上坚持绝对的平等.()","['正确', '错误']",['错误']
下列属于正确的人生目的的是().,"['人生在世,吃穿二字', '命里须有总须有,命里如无莫强求', '为最广大人民群众的利益服务', '要为祖国和人民的利益无私奉献']","['为最广大人民群众的利益服务', '要为祖国和人民的利益无私奉献']"
加强与改进网络法制教育的措施包括：().,"['普及网络法律知识', '树立法制意识', '培育法律技能', '以上都是']",['以上都是']
"世界上没有哪个国家不主张爱国,没有哪个国家的人民不把爱国主义当作伟大的精神品格加以敬仰和推崇.爱国主义最基本的内容有().","['爱祖国的河山', '爱人类的一切', '爱自己的同胞', '爱自己的国家']","['爱祖国的河山', '爱自己的同胞', '爱自己的国家']"
"实现中华民族伟大复兴的中国梦,必须弘扬中国精神,这就是().","['团结精神', '以爱国主义为核心的民族精神', '传承精神', '以改革创新为核心的时代精神']","['以爱国主义为核心的民族精神', '以改革创新为核心的时代精神']"
"在我国,制定行政法规的机关是国务院.(","['正确', '错误']",['正确']
"2012年11月29日,中共中央总书记习近平带领新一届中央领导集体参观中国国家博物馆“复兴之路”展览现场.习近平定义“中国梦”——()就是中华民族近代以来最伟大的梦想.","['建立共产主义社会', '诚实劳动争取美好生活', '建立人民当家作主的国家政权', '实现中华民族伟大复兴']",['实现中华民族伟大复兴']
中国民主革命的基本问题(),"['武装斗争问题', '党的建设问题', '农民问题', '统一战线问题']",['农民问题']
".我们强调个人理想要符合社会理想,这是说不能有个人理想.()","['正确', '错误']",['错误']
社会主义荣辱观的主要内容是().,"['集体主义', '“为人民服务”', '“八荣八耻”', '“五爱”']",['“八荣八耻”']
"“知之为知之,不知为不知”,这句名言教育大学生在求学路上要严谨.()","['正确', '错误']",['正确']
法律义务的履行形式有哪两种形式().,"['作为', '不作为', '违约', '沉默']","['作为', '不作为']"
"当代大学生树立中国特色社会主义共同理想,必须要坚定对()的信任、坚定中国特色社会主义信念、坚定实现中华民族伟大复兴的信心.","['马克思主义理论', '中国共产党', '广大人民群众', '社会主义核心价值观']",['中国共产党']
我国社会主义法治建设的一条基本经验是().,"['坚持依法治国与以德治国相结合', '坚持以保障人民根本权益为出发点和落脚点', '坚持党的领导、人民当家作主、依法治国相统一', '坚持公平正义是法治的生命线']",['坚持党的领导、人民当家作主、依法治国相统一']
社会生活基本上可分为婚姻家庭生活、职业生活和公民的私人生活.,"['对', '错']",['错']
"罪刑法定只禁止不利于被告人的事后法,不禁止有利于被告人的事后法.()","['正确', '错误']",['正确']
"人生实践中会遇到各种各样的矛盾和困难,需要人们端正人生态度.下列属于正确人生态度的是().","['人生须认真', '人生当务实', '人生应乐观', '人生要进取']","['人生须认真', '人生当务实', '人生应乐观', '人生要进取']"
"在当代,爱社会主义和爱祖国是一致的.()","['正确', '错误']",['正确']
"网络新词,像“蓝瘦香菇”、“洪荒之力”、“老司机”等,多为新事件、新闻人物的浓缩和概括.这表明()","['文化具有丰富的表现形式', '文化创新是文化发展的目的', '文化创新来源于社会实践', '文化创新来源于创作者的灵感']",['文化创新来源于社会实践']
世界上任何国家的法治都是与特定的政党制度结合在一起的.(),"['正确', '错误']",['正确']
践履中国革命道德的重要环节是(),"['共产党员修身自律', '革命群众修身自律', '领导干部修身自律', '领导干部的革命群众修身自律']",['共产党员修身自律']
人民法院是国家审判机关.(),"['正确', '错误']",['正确']
"269.在社会主义条件下,职业成为体现人际平等、人格尊严和人的价值的重要舞台.()","['正确', '错误']",['正确']
中华民族的利益是().,"['我国各族人民的共同利益', '我国各族人民的长远利益', '我国各族人民的最高利益', '我国各族人民局部的、暂时的利益']","['我国各族人民的共同利益', '我国各族人民的长远利益', '我国各族人民的最高利益']"
提出“察色修身”和“以身戴行”的思想的是().,"['世硕', '孔子', '墨子', '孟子']",['墨子']
爱国主义是中华民族继往开来的(),"['思想基础', '精神支柱', '情感纽带', '行动指南']",['精神支柱']
以下哪个是外国侵略者控制中国政治的重要手段之一(),"['把持中国海关', '赔款', '制造舆论', '进行宗教宣传']",['把持中国海关']
"对于违法犯罪行为的制裁和惩罚,体现了法律的强制作用.()","['正确', '错误']",['正确']
"法律是成文的道德,道德是内心的法律.法律和思想道德的共同点在于()","['都发挥引领和教化作用', '都发挥规范和强制作用', '都提供思想指引和价值基础', '都属于上层建筑的重要组成部分']",['都属于上层建筑的重要组成部分']
"解放战争时期,由刘伯承、陈毅、邓小平指挥的,为解放长江以南各省奠定基础的战役是()","['辽沈战役', '渡江战役', '淮海战役', '平津战役']",['淮海战役']
"用人单位违反集体合同,侵犯职工劳动权益的,工会可以依法要求用人单位承担责任；因履行集体合同发生争议,经协商解决不成的,工会可以依法申请仲裁、提起诉讼.()","['正确', '错误']",['正确']
"在我国行政执法的主体通常是国家行政机关及其公职人员,行政执法的主体大体分为()类.","['1', '2', '3', '4']",['2']
"在社会主义条件下,是否谦敬礼让成为人们衡量一个人行为和品质的是非、善恶、美丑的根本标准.()","['正确', '错误']",['错误']
“问题与主义”争论的双方主要人物是(),"['陈独秀与胡适', '李大钊与张东荪', '李大钊与梁启超', '李大钊与胡适']",['李大钊与胡适']
“什么叫人生呢？我并不清楚”是谁说的？(),"['鲁迅', '老舍', '季羡林', '钱钟书']",['季羡林']
"道德品质的培养既是个人修养的任务,也是社会教育的目的.一个人的道德品质好坏是().","['人生来就有的', '经过一定的社会生活实践才能形成', '长期遵守或违背道德所得到的结果', '主观上道德认识和客观上道德行为的统一']","['经过一定的社会生活实践才能形成', '长期遵守或违背道德所得到的结果', '主观上道德认识和客观上道德行为的统一']"
宪法的制定由全国人民代表大会以全体代表的三分之二以上的多数通过.(),"['正确', '错误']",['错误']
被陈毅成为“人民群众用小车推出来的”战役是(),"['辽沈战役', '淮海战役', '平津战役', '孟良崮战役']",['淮海战役']
树立改革创新的自觉意识要坚持().,"['树立保守思想维护稳定', '树立突破陈规陋习的自觉意识', '树立大胆探索未知领域的信心和勇气', '树立以创新创造为目标的志向']","['树立突破陈规陋习的自觉意识', '树立大胆探索未知领域的信心和勇气', '树立以创新创造为目标的志向']"
"我国法律体系由具有内在联系的法律部门组成,这些法律部门又可以分为实体法和程序法.属于实体法的是()","['《中华人民共和国仲裁法》', '《中华人民共和国刑事诉讼法》', '《中华人民共和国行政诉讼法》', '《中华人民共和国民法通则》']",['《中华人民共和国民法通则》']
".如果每一个从业人员都能自觉遵守负责任的要求,社会就会形成人人都是服务者的良好秩序与和谐秩序.()","['正确', '错误']",['错误']
"理想信念对每个人的人生意义重大,理想信念的作用主要表现在：提供人生的前进动力、提高人生的精神境界和()","['提高人生的知识含量', '增加人生的财富水平', '指引人生的奋斗目标', '使人生一帆风顺']",['指引人生的奋斗目标']
"国家为抵御外来侵略与颠覆,捍卫国家主权、领土完整,维护国家安全、统一和发展,而进行的军事以及与军事有关的政治、经济、科技、文化、教育等方面的建设和斗争,属于()","['军事', '战争', '政治', '国防']",['国防']
"关于法律至上,以下错误的表述是()：","['在国家或社会的所有规范中,法律是地位最高,效力最广,强制力最大的规范.', '现代国家有许多规范,如行业规范,道德规范,团体规范等等,法律至上要求这些规范都不得与法律规范相抵触.', '法律至上尤其强调宪法至上,因为宪法具有最高的法律效力,是一切法律的依据.', '法律的普遍适用性是指法律在本国主权范围内对所有人具有普遍的约束力,外国人除外.']","['法律的普遍适用性是指法律在本国主权范围内对所有人具有普遍的约束力,外国人除外.']"
".只有把人生理想融入国家和民族的事业中,才能最终成就一番事业.()","['正确', '错误']",['正确']
"关于个人品德,正确的说法是().","['个人品德主要体现一个人对道德的认识', '个人品德集中体现了个人道德意识和道德行为的统一', '个人品德是个人自觉自主行为的结果', '个人品德的稳定性体现在其遗传性']","['个人品德集中体现了个人道德意识和道德行为的统一', '个人品德是个人自觉自主行为的结果']"
"2001年中共中央颁发的《公民道德建设实施纲要》明确提出了我国公民的基本道德规范.其中,要求公民应该勤奋工作、俭朴节约、积极进取、发奋图强,是公民基本道德规范中()","['勤俭自强的要求', '爱国守法的要求', '明礼诚信的要求', '敬业奉献的要求']",['勤俭自强的要求']
"实现理想会出现逆境,逆境()","['降低了实现理想目标的可能性', '不会消解实现理想目标的可能性', '提高了实现理想目标的可能性', '消解了实现理想目标的可能性']",['不会消解实现理想目标的可能性']
现代人才素质的灵魂是(),"['人才的文化素质', '人才的思想道德素质', '人才的身心素质', '人才的专业素质']",['人才的思想道德素质']
公德在人与自然的关系中的基本要求是保护生态环境.(),"['正确', '错误']",['正确']
"大学生应当坚持文明上网,养成自我的上网习惯,成为净化网络空间的积极力量.()","['正确', '错误']",['错误']
爱国主义包含着情感、思想、行为三个方面.其中()是基础.,"['爱国情感', '爱国思想', '爱国行为', '爱国言语']",['爱国情感']
"人民代表大会制是中国特色社会主义最本质的特征,是社会主义法治最根本的保证.()","['正确', '错误']",['错误']
"维护法律,争当法律权威的守望者、公平正义的守护者、具有良知的护法者.以下属于维护法律的行为有().","['抵制盗版书', '对于寻衅滋事调戏妇女的流氓行为出面制止', '考试不作弊', '对于群众处于愤怒群殴窃贼的行为出面制止']","['抵制盗版书', '对于寻衅滋事调戏妇女的流氓行为出面制止', '对于群众处于愤怒群殴窃贼的行为出面制止']"
排他性是现代公共生活的一大特性.(),"['正确', '错误']",['错误']
理想按性质划分为(),"['空想与幻想', '科学理想与非科学理想', '长远理想与近期理想', '崇高理想与低层次理想']",['科学理想与非科学理想']
爱岗敬业、互相帮助也是为人民服务精神的体现.(),"['正确', '错误']",['正确']
.道德产生的主客体统一的重要条件是社会实践.(),"['正确', '错误']",['正确']
"公民享有选举权,就应当享有罢免权.()","['正确', '错误']",['正确']
适用《集会游行示威法》的活动是().,"['文娱、体育活动', '正常的宗教活动', '传统的民间习俗活动', '请愿活动']",['请愿活动']
"中国自古就是一个多民族的国家.把中国疆城内众多的大小民族凝聚在一起．把亿万中华儿女牢牢地吸引在中国大地上,动员和鼓舞中国人民团结奋斗的一面旗帜是()","['爱国主义', '民主主义', '集体主义', '理性主义']",['爱国主义']
国家层面的社会主义核心价值观不包括().,"['富强', '民主', '文明', '爱国']",['爱国']
"婚姻不仅代表两情相悦,更代表双方家庭的结合.","['对', '错']",['错']
公民的基本义务之一是依法纳税.(),"['正确', '错误']",['正确']
中国共产党在洛川会议上明确的规定；以()为抗战时期解决农民问题的基本政策.,"['三三制', '减租减息', '大生产运动', '精兵简政']",['减租减息']
"关于公民守法习惯的养成,以下说法错误的是()","['只有全面具体地学习了各种法律,才能养成守法的习惯和法治思维.', '从小养成不闯红灯、遵守交规的习惯,就是法治思维的具体表现.', '遇到冲突不使用武力,遇到纠纷查找法律,也是法治思维的体现', '养成守法习惯,必须坚持从我做起,从身边做起,从具体问题做起.']","['只有全面具体地学习了各种法律,才能养成守法的习惯和法治思维.']"
"通过法律引导人们可以做什么或者有权做什么或不得做什么,这体现了社会主义法律的什么作用().","['指引作用', '预测作用', '评价作用', '教育作用']",['指引作用']
中国工人阶级政党最早的组织是在()建立的,"['北京', '上海', '武汉', '东京']",['上海']
"在我国社会主义道德建设中,提出和倡导公民基本道德规范的重要意义在于,公民基本道德规范().","['有利于对公民进行道德教育', '是对公民道德要求的高度概括', '体现了社会主义道德建设的要求', '是用国家强制力保障实施的社会规范']","['有利于对公民进行道德教育', '是对公民道德要求的高度概括', '体现了社会主义道德建设的要求']"
"道德作为一种特殊的意识形态,它是依靠社会良知、内心信念、传统习惯来维系的.()","['正确', '错误']",['错误']
法律义务必须依法设定.(),"['正确', '错误']",['正确']
社会主义集体主义原则的主要价值取向是集体利益高于个人利益.(),"['正确', '错误']",['正确']
"依法治国首先要坚持依宪治国,全面实施宪法的基本要求,以下表述错误的是()","['落实宪法宣誓制度,经由人大选举或任命的国家公职人员正式就职时要公开向宪法宣誓.', '在全社会普遍开展宪法教育,宪法教育纳入国民教育体系.', '党的执政,必须是依宪执政,各级党组织都必须自觉在宪法法律范围内活动.', '宪法实施,是所有公民的义务.']","['宪法实施,是所有公民的义务.']"
"省、自治区、直辖市、自治州、设区的市的人大常委会任期与本级人大每届任期相同,为()年.","['两', '三', '四', '五']",['五']
"婚姻不仅代表两情相悦,更代表双方家庭的结合.()","['正确', '错误']",['错误']
马克思主义是科学理想信念的理论基础.(),"['正确', '错误']",['正确']
“共产党现时最主要的任务是有系统地有计划地尽可能在广大区域中准备农民总暴动……工人阶级应时刻领导并参加武装暴动.”上述中国共产党“八七”会议决议表明(),"['中国共产党的工作重心由城市转入农村', '中国共产党正式确立了工人阶级的领导地位', '中国共产党确定了武装反抗国民党的方针', '中国共产党的思想理论基础发生了根本变化']",['中国共产党确定了武装反抗国民党的方针']
"1944年4月至1945年1月,日本发动打通中国大陆交通线的战役是()","['忻口战役案', '淞沪战役', '豫湘桂战役', '枣宜会战']",['豫湘桂战役']
"外出旅游时,游客主动把瓜子壳、水果皮等收拾干净,放到垃圾箱里.这种行为是()","['多此一举,因为有专人打扫', '保护环境,自觉遵守社会公德的表现', '勤奋劳作,自觉遵守家庭美德的表现', '服务群众,自觉遵守职业道德的表现']","['保护环境,自觉遵守社会公德的表现']"
近代中国维新思想的先驱者是().,"['魏源', '康有为', '洪仁玕', '李鸿章']",['魏源']
"信仰是信念最集中、最高的表现形式,信仰有()","['科学的与人文的', '科学的与非科学的', '理性的与情感的', '宗教的与哲学的']",['科学的与非科学的']
严复将英国人赫胥黎的《进化与伦理》的前两章翻译为(),"['《穆勒名学》', '《天演论》', '《原富》', '《法意》']",['《天演论》']
道德是一种特殊的().,"['文化形态', '经济形态', '伦理形态', '社会意识形态']",['社会意识形态']
"法律义务可能因一些情形的出现而变化,变化的形式主要有().","['转化', '中止', '派生', '消灭']","['转化', '派生', '消灭']"
人们常用“相敬如宾”、“琴瑟和谐”、“比翼鸟”、“连理枝”等来形容().,"['男女平等', '夫妻和睦', '勤俭持家', '邻里团结']",['夫妻和睦']
人民法院、人民检察院和公安机关有权向有关单位和个人收集、调取证据.有关单位和个人应当如实提供证据.(),"['正确', '错误']",['正确']
"文明礼貌是调整和规范人际关系的行为准则,与我们每个人的日常生活密切相关.()","['正确', '错误']",['正确']
我国人民代表大会制度的组织原则是(),"['人民主权原则', '社会主义法治原则', '民主集中制原则', '坚持党的领导原则']",['民主集中制原则']
"由于生产力发展水平不同,社会性质和人们所处经济政治文化地位不同,所处的阶级关系与阶级地位不同,对社会发展规律认识和把握的深度与广度不同,所以形成的理想也必然不同,这说明理想具有()","['社会性和变化性', '民族性与多样性', '时代性和阶级性', '随意性与不确定性']",['时代性和阶级性']
我国的根本政治制度是().,"['社会主义制度', '人民代表大会制度', '人民民主专政制度', '民主集中制']",['人民代表大会制度']
1911年4月在广州发生的起义所以被称为“黄花岗起义”是因为(),"['起义是在黄花岗发动的', '起义军去进攻设在黄花岗的清军要塞', '起义中牺牲的烈士后被葬在黄花岗', '起义是在黄花岗失败的']",['起义中牺牲的烈士后被葬在黄花岗']
太平天国定都于何处？(),"['广州', '武汉', '南京', '天津']",['南京']
"人与社会的关系,归根到底是().","['人的自然属性与社会属性的关系', '个人需要与社会需要的关系', '享受个人权利与承担社会责任的关系', '个人利益与社会整体利益的关系']",['个人利益与社会整体利益的关系']
"孙某潜入某厂财务室,把保险柜打开一看,巨款早已提走,只有一些散钱,便失望离去.他的行为属于().","['犯罪未遂', '犯罪既遂', '不构成犯罪', '犯罪预备']",['犯罪未遂']
"薄熙来案件中其妻身为律师却知法犯法,设局杀人；执法的公安局长王立军得知杀人事实后不但不依法行事,反为其包庇和毁证,徇私枉法；而作为国家省部级领导人得知这些事实后,竟只采取行政手段对王立军免职处理,这说明了()的重要性","['学习法律', '遵守法律', '信仰法律', '维护法律']",['信仰法律']
"推进生态文明建设,要坚持节约优先、保护优先、防止污染为主的方针.()","['正确', '错误']",['错误']
"有首上海的旧民谣,讲述了清朝260多年的大事,其中与戊戌政变有关的句子是()","['昊三桂要去借清兵,顺治帝登基享现成', '林则徐严禁吸洋烟,忠心报国无人识', '曾国藩团练起湘乡,淮军还有李鸿章', '好头颅六个凭空送,菜市街夜夜叫冤魂']","['好头颅六个凭空送,菜市街夜夜叫冤魂']"
"“士不可不弘毅,任重而道远”指人要树立责任意识和担当意识.","['对', '错']",['对']
"下列哪一项,不是社会公共生活的主要特征().","['活动范围的广泛性', '交往对象的复杂性', '活动方式的多样性', '交往时间的延续性']",['交往时间的延续性']
"理想作为一种精神现象,是人类社会想象的产物.()","['正确', '错误']",['错误']
提出合理化的建议是劳动者的权利.(),"['正确', '错误']",['正确']
中国革命道德与中华传统美德().,"['是性质相同的', '是一脉相承的', '不是一脉相承的', '是相互包容的']",['是一脉相承的']
"关于法律有无权威的基本要素,以下表述错误的是：()","['法律在国家和社会治理体系中占主导地位和起决定作用,法律就有权威.', '只要国家法律完备,违法必究,法律就有权威.', '反映客观规律和人类理性的法律有权威.', '反映人民共同愿望且为人民真诚信仰的法律有权威.']","['只要国家法律完备,违法必究,法律就有权威.']"
"有序的公共生活对经济社会健康发展具有重要意义.由一定规则维系的人们公共生活的有序化状态,称为()","['公共秩序', '公共领域', '公共道德', '公共场所']",['公共秩序']
".人们在公共生活领域的安全意识和守法程度,是社会文明发展的主要表现.()","['正确', '错误']",['错误']
"我国公民依法服兵役,不分民族、种族、职业、家庭出身、教育程度,但对宗教信仰有一定的要求.()","['正确', '错误']",['错误']
"弘扬以改革创新为核心的时代精神,必须大力推进科技创新,科技创新能力是国家竞争力的()","['重要方面', '一部分', '核心', '体现']",['核心']
法律和道德规范都是维护社会秩序的强制性规范.(),"['对', '错']",['错']
"人们在公共生活领域秩序意识和文明程度,是社会经济发展水平的重要表现.()","['正确', '错误']",['错误']
"爱情是一对男女双方相互爱慕,真挚诚实的情感.()","['正确', '错误']",['正确']
"提出“恭敬之心,礼之端也”的思想的是().","['孟子', '孔子', '荀子', '告子']",['孟子']
"职业活动不仅是人们谋生的方式和手段,也是人们奉献社会、完善自身的必要条件.(","['正确', '错误']",['正确']
"关于理想人格,道家推崇逍遥于天地之间的“真人”、“至人”.()","['正确', '错误']",['正确']
大革命时期的统一战线和抗日民族统一战线(),"['都有共同的政治纲领', '均采取党内合作方式', '全具有反帝反封建性质', '皆有各阶层广泛参加']",['皆有各阶层广泛参加']
"以法治价值和法治精神为导向,运用法律原则、法律规则、法律方法思考和处理问题的思维模式,称为().","['法治观念', '法治意识', '法治思维', '法治信仰']",['法治思维']
