courseId,id,subType,optionCount,subDescript,option0,option1,option2,option3,answer
521,85802,单选题,4,.巴黎奥运会，中国体育代表团收获（   ）金（   ）银（   ）铜，取得我国自1984年全面参加夏季奥运会以来境外参赛历史最好成绩。,38；27；26,38；29；24,40；27；24,40；28；23,C
521,85490,单选题,4,偷窃、损毁图书馆或资料室的图书、资料，情节较轻的，给予严重警告处分；情节严重或重犯的，给予（）处分,留校察看以上,记过以上,严重警告以上,开除学籍,A
521,85485,单选题,4,学生有违反校规校纪的行为，但情节轻微，不足予以纪律处分的，由学生所在学院给予（），督促其改正错误,警告,严重警告,批评教育或书面通报批评,记过,C
521,85561,单选题,4,下列做法正确的有（   ）,将发热电器与可燃物留有安全距离,宿舍内配置1个随手泡,不使用烹煮电器,以上都是,D
521,85776,单选题,4,针对全球通胀高企带来的影响，以（）和（）为重点做好保供稳价,粮食 能源,能源 金融,粮食 金融,能源 数字,A
521,85127,单选题,4,为保障学生宿舍用电安全及电房安全，学生宿舍禁用明火，禁止使用功率大于（）的电器,200W,300W,1200W,2000W,C
521,85728,单选题,4,杭州第 19 届亚运会奖牌取名为（）。,湖山,山水,西子,玉琮,A
521,85512,单选题,4,具有下列情形之一者，不授予学士学位：①平均学分绩点小于2.0者；②剽窃、抄袭他人研究成果，由他人代替、替他撰写论文或买卖学术论文，情节严重者；③在学期间，违反校规校纪（含考试舞弊）受记过及以上处分者，且不符合《福建师范大学学士学位授予工作细则（修订）》第七条规定者。,①②,①③,①②③,②③,C
521,85805,单选题,4,.2024年8月3日，在巴黎奥运会网球女单决赛中，首次参加奥运会的中国队选手（   ）以2-0战胜克罗地亚队选手维基奇，摘得金牌。这是中国网球队夺得的首枚奥运会女单金牌。,王欣瑜,王曦雨,郑钦文,郑赛赛,C
521,85623,单选题,4,2020年3月4日，习近平总书记在中共中央政治局常务委员会上强调：要在扩大对外开放中推动复工复产，努力做好（）开拓多元化国际市场。,稳外贸、稳投资,引进来、走出去,内外联通,第三届进口博览会,A
521,85467,单选题,4,学生因病请假，不超过（ ）的由辅导员批准，超过（ ）的由辅导员审核、学院分管教学领导批准。,四天，四天,三天，三天,一周，一周,五天，五天,C
521,85596,单选题,4,考生违规记录单作为认定考生违规事实的依据， 应当由 (  )名以上 （含）考试工作人员签字确认。,1,2,3,4,B
521,85562,单选题,4,哪些是良好的安全用电习惯？（  ）①使用发热电器时应保证电器与可燃物之间的留有足够的安全距离②人离开宿舍时，及时检查电器是否处于断电状态③不使用明显存在消防安全隐患的其它电器④不使用“三无”电器产品和国家明确淘汰的万用插座,①②,①③④,②③④,①②③④,D
521,85725,单选题,4,杭州亚运会是第几届亚运会,十七,十八,十九,二十,C
521,85636,单选题,4,遇到电器设备引起的火灾时，哪个做法是正确的,迅速切断电源，然后灭火,迅速灭火，然后再切断电源,直接用手去拔掉插头,用水灭火,A
521,85353,单选题,4,学校第二课堂素质拓展学分制度实施方案（试行）规定，参加“挑战杯”大学生课外学术科技作品竞赛和创业计划竞赛，获得国家级奖可加（）个素质拓展学分。,2—8,1—5,3—6,2—7,C
521,85377,单选题,4,学生一般应当在所录取的专业完成学业，但有下列情形之一者，可以申请转专业：①因患病或有特殊困难，无法在本专业学习或者不适应本专业学习要求，但尚可在其他专业学习的②对其他专业有兴趣或专长的③在原专业学习已取得90学分（二年制或三年制为45学分）以上者,①②③,①②,②③,①③,B
521,85520,单选题,3,参评校三好学生，《国家学生体质健康标准》测试成绩须达到（  ）以上。,良好,合格,优秀,,A
521,85262,单选题,4,校三好学生评选比例不超过参评学生总数的（）。,2％,3％,4％,5％,D
521,85508,单选题,4,凡参加未经上级主管机关批准的集会、游行、示威等活动的，视情节轻重，给予下列处分：（一）组织、策划的，可给予（）处分；（二）参与的，视情节轻重，给予（）处分。,开除学籍；书面通报批评,开除学籍；批评教育或警告以上、留校察看以下处分,开除学籍；记过,开除学籍；严重警告,B
521,85707,单选题,4,拥护中国共产党的领导，热爱社会主义祖国，遵纪守法，品行端正，遵守科学道德和学术规范，并达到以下哪几项者，学校授予学士学位。①完成专业培养方案所规定的各项要求，课程学习，毕业论文（设计）及其他实践环节学习成绩合格，修满规定学分  ②通过审核，取得毕业资格 ③平均学分绩点不低于2.0  ④较好掌握本学科专业的基础理论，专门知识和基本技能，具有从事科学研究工作或担负专门技术工作的初步能力 .,①②,①②③,①②④,①②③④,D
521,85618,单选题,4,制作、张贴、出版、复制、传播各种非法宣传品（含大小字报、标语、传单等），视其情节轻重，给予（  ）以上处分,记过,严重警告,书面通报批评,警告,A
521,85364,单选题,4,申请校优秀学生干部、校三好学生和校三好学生标兵，当学年综合考评的政治思想道德表现应达到（   ）。,无要求,及格,良好,优秀,D
521,85265,单选题,4,在学生宿舍中，可以使用的电器是（）。,小功率电吹风,电磁炉,电饭煲,电砂锅,A
521,85826,单选题,4,巴黎申办成功后，成为继（   ）后的世界第2个至少三次举办夏季奥林匹克运动会的城市，也是继1924年巴黎奥运会百年之后再次举办奥林匹克运动会。A、伦敦,伦敦,雅典,里约热内卢,洛杉矶,A
521,85462,单选题,4,学生休学 保留学籍期逾期（  ）周未提出复学申请；或者申请复学但经复查不合格，且在学校规定的最长学习年限内不愿意继续休学的；学校可予退学处理。,三,一,两,四,C
521,85487,单选题,4,未经批准私自收藏、携带枪支、弹药或弩、匕首等国家规定的管制器具，或易燃、腐蚀、放射、剧毒、爆炸等危险物品，视其情节轻重，给予（）处分。,留校察看以上,记过以上,严重警告以上,开除学籍,A
521,85350,单选题,4,学生参加勤工助学的时间，原则上每周不超过（）小时。,7,8,9,10,B
521,85505,单选题,4,学生缺课，累计时数最多不得超过课程学期总学时数（），超过的不能参加当学期该门课程考核（含补考）。经学生本人申请，可以重修或改修。,三分之一,二分之一,四分之一,四分之三,A
521,85765,单选题,4,中央党校从（）创办至今，已经走过90年光辉历程,1931年,1932年,1933年,1943年,C
521,85586,单选题,4,学校允许成绩优良且自学能力强的学生申请并经批准后免听、免修有关课程。每门课程只能申请（   ）次免修考试。,一,二,三,四,A
521,85646,单选题,4,不吃腐烂变质的食物。食物腐烂变质，就会味道变酸、变苦，散发出异味，这是因为（），吃了这些食物会造成食物中毒。,天气燥热而闷出来的,气温升高所导致的,没有喷洒防腐剂引起的,细菌大量繁殖引起的,D
521,85786,单选题,3,"当你想打喷嚏时,以下哪种方法是正确的（）",用手挡住嘴,转头打向另一侧,转头打向另一侧,,C
521,85163,单选题,4,福建师范大学旗山校区桂苑生活区域的餐厅是（）。,花香园餐厅,翠竹园餐厅,嘉树园餐厅,随园餐厅,B
521,85616,单选题,4,违反宿舍消防、用电等管理规定，经批评教育不改的，给予警告以上、记过以下处分。引起火灾的，给予（）处分,留校察看以上,记过以上,严重警告以上,开除学籍,A
521,85734,单选题,4,杭州亚运会吉祥物琮琮的设计灵感来源于（）。,良渚文明的玉琮,京杭大运河杭州段的标志性建筑拱宸桥,钱塘江,西湖中的荷叶,A
521,85453,单选题,4,学生缺课，累计时数最多不得超过课程学期总学时数（），超过的不能参加当学期该课程考核（含补考）。,四分之一,三分之一,五分之一,二分之一,B
521,85825,单选题,4,第（   ）届夏季奥林匹克运动会，简称“2024年巴黎奥运会”，是在法国巴黎举办的国际性奥林匹克赛事，共设有（   ）个大项，（   ）个小项，共有206个国家和地区参赛。,33；30；309,33；32；329,34；30；309,34；32；329,B
521,85125,单选题,4,如果不小心遇到网络诈骗，要及时采取措施，尽量减少损失。以下做法不可取的是（）,拨打诈骗账户所属银行客服电话，根据自动语音服务，故意输错支付密码，锁定电话银行,登陆诈骗账户网上银行，故意3次输错交易密码，锁定网上银行,到线下银行窗口，办理冻结账户,继续往账户里存钱,D
521,85703,单选题,3,一般情况下，学校每年开展一次学士学位授予的评定工作。对以下哪种情况，学校不再受理其学士学位授予的申请。,未在有效期内申请,申请后中途放弃的,未在有效期内申请，或申请后中途放弃的,,C
521,85657,单选题,4,当有人触电，要就近拉开电源开关，拔出插销或保险，切断电源。要注意（）开关是否装在（）上，若是错误的装在零线上不能认为已切断电源。,单极；零线,单极；火线,双极；零线,双极；火线,B
521,85650,单选题,4,平方起火时，以下的自救方法错误的是,如果整个房屋起火，要以匍匐的方式爬到门口，最好拿块湿毛巾捂住口鼻。,如果被烟火困在屋内，应用水浸湿毯子或被、褥，将其披在身上,如果是睡觉时被烟呛醒，应迅速下床穿好衣服才往外跑,千万不要趴在床下、桌下或钻到壁橱里躲藏,C
521,85468,单选题,4,学生一个学期内请假累计超过（ ）个月时，所在学院应报教务处备案。学生一个学期内请假累计时间一般不能超过当学期总学时数的（）。累计超过本学期总学时（）及以上的，应当休学。,一个月，二分之一，二分之一,二个月，二分之一，二分之一,二个月，三分之一，三分之一,一个月，三分之一，三分之一,D
521,85812,单选题,4,2024年巴黎奥运会吉祥物是（），它是法国传统的弗里吉亚帽的拟人化形象。弗里吉亚帽又称自由帽，是法国大革命时期广泛流行的红色小帽，它象征着自由，同时也代表了法国的身份和精神。,弗里吉,米莎,山姆,伊奇,A
521,85349,单选题,4,申请推免的应届本科毕业生大一到大三平均学分绩点在本专业同年级排名需达到前（）。,30,40,50,60,B
521,85627,单选题,4,溺水者救起后，要清除口鼻喉内异物，排出溺水者胃肺部水，必要时采用（）。同时，迅速拨打急救电话“120”。,海姆立克急救法,AED,人工呼吸,CPR辅助系统,C
521,85830,单选题,4,2024 年奥运会是由法国巴黎举办的国际性奥林匹克赛事。下列关于本届奥运会奖牌说法正确的是（,①②③,①②④,①③④,②③④,B
521,85378,单选题,4,剽窃、抄袭他人研究成果，给予严重警告以上处分；情节特别严重的，给予( )处分。,留校察看以上,记过以上,严重警告以上,开除学籍,D
521,85794,单选题,4,2024 年奥运会是由法国巴黎举办的国际性奥林匹克赛事，本届奥运会主火炬是一只高 30 米，直径 22 米的（ ）。,聚火盆,埃菲尔铁塔模型,热气球,巨型风车,C
521,85529,单选题,4,非毕业学年三等奖学金，评奖比例不超过同年级同专业学生数的（    ），每人（   ）元/学年。,13%，300,15%，500,16%，600,20%，300,B
521,85758,单选题,4,（）上的统一是党的团结统一最深厚最持久最可靠的保证,思想,组织,作风,制度,A
521,85139,单选题,4,福建师范大学身为中国建校最早的师范大学之一，前身是由清朝帝师陈宝琛创办的（）。,华南女子文理学院,福建协和大学,福建优级师范学堂,福建师范学院,C
521,85724,单选题,4,被称为亚运会之父的是,高迪博士,桑迪博士,马迪博士,尼迪博士,B
521,85595,单选题,4,考生不遵守考场纪律，不服从考试工作人员的安排与要求，下列行为，应当认定为考试违纪的有（  ）。,在规定的位置参加考试,不携带规定以外的物品进入考场,在考场周围喧哗、吸烟或者实施其他影响考场秩序的行为的,考试开始信号发出后答题,C
521,85822,单选题,4,.在2024年巴黎奥运会网球女子单打金牌赛中，中国选手（）2比0战胜克罗地亚选手维基奇，夺得金牌，这也是中国选手获得的首枚奥运会网球女单金牌。,李娜,朱琳,郑钦文,任可,A
521,85129,单选题,4,（）会影响身体的降温能力，引起脱水。,晒伤,适当补充水分,跑步,擦伤,A
521,85160,单选题,4,福建师范大学本部现有两个校区，占地面积约4000亩，同学们在校不可以选择下列哪一种交通方式驾驶出行（）。,电动车,共享单车,汽车,自行车,C
521,85564,单选题,3,学生是否可以在宿舍楼道内停放自行车？,不可以,可以,不知道,,A
521,85796,单选题,4,2024 年奥运会是由法国巴黎举办的国际性奥林匹克赛事，本届奥运会和残奥会的口号中文翻译为（ ）。,共享人间精彩,铸就新传奇,共享联动力量,奥运更开放,D
521,85545,单选题,4,下列哪项不属于我校校训的出处？（ ）,《朱子语类》,《论语》,《中庸》,《易经·乾卦·文言》,B
521,85531,单选题,4,当学年政治思想道德表现测评良好，学业表现测评名列同年级同专业的前50%，在社会工作中做出突出成绩、任期满一学年的学生干部，可以获得（ ）。,学习优秀奖学金,社会工作奖学金,创新奖学金,文体奖学金,B
521,85720,单选题,4,杭州2022年亚运会会徽名为,永远向前,红日,潮涌,光芒,C
521,85460,单选题,4,辅修专业教育的课程设置应包括该专业主要的基础课程、方向课程以及实践环节。学院可根据实际情况适当降低毕业论文（设计）学分，总学分（ ）学分左右，不低于 （）学分。,40 35,35 25,40 30,35 30,C
521,85263,单选题,4,学生在学期间能转（）次专业。,0,1,2,3,B
521,85495,单选题,4,为谋取个人利益或荣誉弄虚作假的，视情节轻重，给予（）处分,留校察看以上,记过以上,严重警告以上,开除学籍,C
521,85181,单选题,4,学生在“青马易战”的答题情况作为思想政治理论课的平时成绩，计入相应课程的期末成绩，分值约占总分的（）。,20%—30%,50%,5%,80%,A
521,85507,单选题,4,有( )情形之一，可给予开除学籍处分：①违反宪法，反对四项基本原则，破坏安定团结，扰乱社会秩序的②触犯国家法律，构成刑事犯罪的③受到治安管理处罚，情节严重、性质恶劣的④违反国家法规或学校规章制度，严重影响学校教育教学秩序、生活秩序以及公共场所管理秩序的⑤侵害其他个人、组织合法权益，造成严重后果的⑥屡次受到纪律处分，经教育不改的,①②,③④,①②③④⑤⑥,①②③④⑤,C
521,85478,单选题,4,学生要求休学，获批准后，应于批准之日起（ ）个工作日内到学校有关部门办理相关离校手续，并按时离校。,3,4,5,7,A
521,85270,单选题,4,在校内禁止吸烟的场所吸烟，不听劝阻的，给予（）处分。,警告,严重警告,书面通报批评,记过,A
521,85450,单选题,4,需要重修或改修的学生，应在新学期开学()内向开课学院提出申请并办理相关手续。学生因重修而发生课程学习冲突的，经申请并征得开课学院同意后，可以对重修课程进行选择性听课，但实际听课时数不能少于该门课程教学总时数的（），并应参加完成实验、实践、作业和课程考核。,三周 二分之一,三周 三分之一,四周 二分之一,四周 三分之一,B
521,85723,单选题,4,除杭州外，历史上中国还有（）个城市举办过亚运会,1,2,3,4,B
521,85712,单选题,4,学生对个人上学期的课程考核成绩有异议的，可在新学期开学两周内，向开课学院提出（  ）申请。经开课学院（   ）批准后，可以查卷。,复核，分管教学领导,口头，分管教学领导,书面，教学秘书,口头，教学秘书,A
521,85571,单选题,4,利用计算机网络系统制作、复制、传播以下哪几项危害社会安定稳定信息，学校将给予开除学籍处分，并移交公安机关追究相应法律责任。①违反四项基本原则，煽动颠覆国家政权，推翻社会主义制度；②煽动分裂国家、破坏祖国统一；③损害国家利益，危害国家安全；④煽动民族仇恨、民族歧视、破坏民族团结。,①②③,①②④,②③④,①②③④,D
521,85515,单选题,4,二等奖学金的评定条件：当学年政治思想道德表现测评（根据《福建师范大学学生素质综合考评办法》评定，下同）名列同年级同专业学生数的前（  ），《国家学生体质健康标准》成绩（  ），学业表现测评（根据《福建师范大学学生素质综合考评办法》评定，下同）名列同年级同专业的前（  ）（国家基地班名列前25%，免监考班级名列前22%）。,90%，良好，9%,50%，合格，20%,50%，良好，8%,90%，优秀，20%,B
521,85542,单选题,4,在非火情情况下，下列做法错误的是 （   ）,擅自动用消防器材,擅自挪动消防器材位置,破坏消防基础设施,以上都是,D
521,85713,单选题,4,学生有（）情形，学校可予退学处理：①学业成绩未达到学校要求或者在学校规定的最长学习年限内未完成学业的 ②休学、保留学籍期满逾期两周未提出复学申请；或者申请复学但经复查不合格，且在学校规定的最长学习年限内不愿意继续休学的 ③ 根据学校指定医院诊断，患有疾病或者意外伤残不能继续在校学习的④ 未经批准连续两周未参加学校规定的教学活动的⑤逾期两周未注册而又未履行暂缓注册手续的 ⑥学校规定的不能完成学业、应予退学的其他情形,① ② ③,①  ③ ④ ⑤⑥,① ② ③ ④ ⑤ ⑥,②  ④ ⑤ ⑥,C
521,85157,单选题,4,福建师范大学知名校友众多，今年在东京奥运会男子举重61公斤项目中，荣获金牌的是（）。,郑维新,冯康,张天福,李发彬,D
521,85814,单选题,4,7月27日，在2024年巴黎奥运会射击混合团体10米气步枪金牌赛中，中国组合（）、（）夺得冠军。这是2024巴黎奥运会产生的首枚金牌，也是中国代表团在本届奥运会获得的首枚金牌。,黄雨婷、盛李豪,王柳懿、王芊懿,陈梦、孙颖莎,樊振东、马龙,A
521,85619,单选题,4,成立或参加非法政治性组织的，给予开除学籍处分。参加非法宗教组织或活动的，或在校园内进行宗教活动的，给予（）处分,警告以上,记过以上,开除学籍,留校察看以上,D
521,85630,单选题,4,同学们坚持每日健康打卡，做好返校前（）天体温和健康打卡,7,14,28,36,B
521,85355,单选题,4,以下哪一项不属于学生工作部（处）的主要职能？（ ）,学生思想教育和学生管理,心理健康教育,学籍管理,学生资助和毕业生就业创业指导,C
521,85521,单选题,4,学生一学期申请免听的课程数一般不得超过（   ）门。,四,三,二,一,C
521,85779,单选题,4,促进（）健康持续发展，发挥其带动就业创业、拓展消费市场、创新生产模式等作用,平台经济,数字经济,共享经济,地摊经济,A
521,85816,单选题,4,2024年巴黎奥运会上，中国运动员在绝大部分项目上都有优异表现：如中国乒乓球队首次包揽（）金。,5,6,7,8,D
521,85811,单选题,4,2024年巴黎奥运会新增了滑板、冲浪、竞技攀岩和霹雳舞四个大项，其中（）将在巴黎迎来奥运会首秀，比赛将包括男子比赛和女子比赛两个项目。,滑板,冲浪,竞技攀岩,霹雳舞,D
521,85694,单选题,4,雅思或托福成绩单在有效期内的本科学生，雅思成绩达到( )分（单科不低于6.0分）及以上或托福成绩达到( )分（单科不低于18分）及以上，且GPA（平均学分绩点）不低于( )的，可以向国际处申请奖学金。奖学金额度为，雅思900元每人，托福800元每人。,6.0  95  3.0,6.0  90  3.5,6.5  95  3.0,6.5  90  3.5,C
521,85563,单选题,4,学校对用电器的功率有限制，可使用电器的最大功率为（）,600W,1200W,1800W,2000W,B
521,85464,单选题,4,出现以下哪几种情况，取消当学年参评优秀学生奖学金资格（ ）①当学年受到党团纪或校纪处分（含留校察看未解除）②当学年受到两次及以上学院通报批评③当学年必修及限定选修课成绩不合格需要重修的 ④学费未缴清,①②③,①②④,①②③④,①③④,A
521,85570,单选题,4,多媒体教室的开放时间是（）。,6:30－22:30,6:30－22:00,7:00－22:00,7:00－22:30,C
521,85481,单选题,4,留校察看期一般为（）个月,6,9,12,18,C
521,85498,单选题,4,打人致他人轻微伤，视情节轻重，给予记过以上处分；致他人轻伤或重伤，构成刑事犯罪的，可给予（）处分。,记过,严重警告,留校察看,开除学籍,D
521,85633,单选题,4,在发生火灾，向消防队报警时，应沉着、冷静，要讲明：发生火灾的单位、地点、靠近何处，什么东西着火、火势大小，是否有人被围困，（）等情况。,天气如何,自己的心情状况,有无爆炸危险物品、放射性物质,周围围观群众的数量,C
521,85739,单选题,4,亚运村是杭州亚运会核心配套项目之一，由（）、国际区与公共区组成。①运动员村 ②媒体村 ③技术官员村 ④国际村,①②④,①②③,①③④,②③④,B
521,85528,单选题,4,非毕业学年二等奖学金，评奖比例不超过同年级同专业学生数的（    ），每人（   ）元/学年。,5%，1000,7%，1500,8%，2000,10%，1000,D
521,85456,单选题,4,我校全日制本科学生雅思成绩在6.5分（单科不低于6.0分）及以上，或托福成绩在95分（单科不低于18分）及以上，可在学生素质综合考评”学业表现测评“中，一次性加平均学分成绩（）分,2,3,4,5,C
521,85594,单选题,4,( ) 负责学校考试组织工作的管理与监督，并依据考试违规认定办法，对考生考试违规行为予以认定。,学工部,教务处,人事处,财务处,B
521,85165,单选题,4,福师大共青团广场靠近（）生活区,桃苑,桂苑,李苑,兰苑,B
521,85164,单选题,4,福师大文化街美食城在（）生活区域。,桃苑,桂苑,李苑,兰苑,C
521,85261,单选题,4,校优秀学生干部评选比例不超过参评学生总数的（）。,2％,3％,4％,5％,D
521,85774,单选题,4,我们要保持奋发有为姿态，确保现代化领导的（）,自觉性,持续性,坚定性,方向性,C
521,85171,单选题,4,（）是学校最高学术机构，统筹行使对学校学术事务的咨询、评定、审议和决策权。（）根据需要设立教学工作委员会、科研工作委员会、聘任委员会等专门委员会。,学校学术委员会,福建省学术委员会,福州市学术委员会,学院学术委员会,A
521,85566,单选题,4,学生纪律处分应当（），做到程序正当、证据充足、依据明确、定性准确、处分恰当,公平、公正、严谨,公平、公开、公正,公平、公开、公信,公正、公开、严谨,B
521,85788,单选题,3,参评校优秀学生干部、校三好学生、校三好学生标兵，要求当学年内综合考评的政治思想道德表现（ ）。,良好,优秀,合格,,B
521,85610,单选题,4,违反国家禁毒的有关规定，情节轻微的，给予（  ）处分；触犯刑律的，给予开除学籍处分,严重警告,留校察看,记过,开除学籍,B
521,85130,单选题,4,婴幼儿、65岁或以上的人、超重的人、（）、身体患有疾病的人群（特别是患有心脏病或高血压者）或服用某些药物的人（如抑郁症、失眠或血液循环不良患者），对于这些人群，在高温天气中，应给予更多关注，避免发生中暑。,青少年,在工作或运动中过度运动的人,中年人,骨折的人,B
521,85837,单选题,4,. 2024年巴黎奥运会中国体育代表团将参加（）个大项的比赛，是中国体育代表团境外参赛小项数最多的一届奥运会。,30个,40个,50个,60个,A
521,85732,单选题,4,杭州亚运会吉祥物莲莲的造型运用了（）元素。,苏堤春晓,三潭印月,曲院风荷,雷峰夕照,B
521,85652,单选题,4,当身上的衣服着火时，错误的做法是,拼命扑打，倒在地上来回打滚,如果衣服极易撕开，也可以用力撕开并脱掉衣服。,用嘴吹风把火扑灭,跳入身旁的水中,C
521,85501,单选题,4,学生旷课时间，一般课程按课程表规定的上课学时计算；无故不参加政治学习、军事训练、实习实践、社会调查及其他重要集体活动的，按每天（）计算，不足一天的按每次半天即（）计算。,两学时；一学时,四学时；两学时,六学时；三学时,八学时；四学时,B
521,85750,单选题,4,人民教师（），拖着病体在云南华坪县创办了全国第一所全免费女子高中，帮助1800多名贫困山区女孩圆梦大学。他们为我们树起了榜样,黄文秀,马毛姐,张桂梅,林丹,C
521,85756,单选题,4,（）年，习近平担任中国国家主席后首次出访中亚，提出共建“丝绸之路经济带”倡议,2012,2013,2014,2015,B
521,85804,单选题,4,.2024年8月3日，巴黎奥运会乒乓球女单决赛中，（   ）成功卫冕女单冠军，成为历史上第三位蝉联奥运会女单冠军的运动员。,王曼昱,陈梦,孙颖莎,王艺迪,B
521,85715,单选题,4,中国首次举办亚运会的年份,1986,1990,1994,1998,B
521,85519,单选题,4,申请校先进班集体的班级，当学年班级同学坚持体育锻炼，《国家学生体质健康标准》测试合格率须达（   ）以上。,0.85,0.9,1,0.95,B
521,85141,单选题,4,福建师范大学本部现有（）个校区。,1,2,3,4,B
521,85504,单选题,4,学生因事请假，不超过（）天的由辅导员批准，超过（）天的由辅导员审核、学院分管教学领导批准。事假一般不超过（）周。请假期满，学生应及时销假。,三，三，一,两，两，两,三，三，两,四，四，一,B
521,85655,单选题,4,在火灾发生，但又没有电话的情况下，错误的做法是（）,大声呼喊或采取其他方法引起邻居、行人注意，协助灭火或报警。,到未着火的房间内躲藏求援。,惊慌失措，放弃求生希望,如果有消防报警器，则冷静并快速按下,C
521,85642,单选题,4,学生（），游泳要在家长或大人的带领下进行如遇上意外事故，要保持镇静、沉着地加以自救，看到同伴落水要立即呼唤大人相救。,不能私自或协同伙伴到野外不明水域游泳,如果水性够好，可以私自去野外游泳,只要伙同伙伴，就可以去游野泳,可以在天气明朗的时候去不明水域游泳,A
521,85513,单选题,4,未能修完辅修专业人才培养方案规定的所有课程和实践环节，但已修完并获得的累计学分达到（）学分以上（含）的，由学校发给辅修证明。,20,25,30,35,A
521,85593,单选题,4,综合素质考评分=思想政治表现分*（ ）+学业表现分*（ ）+文化表现分*（  ）,10%，20%，70%,20%，10%，70%,20%， 70%，10%,70%，20%，10%,C
521,85591,单选题,4,积极参加青年志愿者活动，服务时间每满  （  ）小时加1分，最高不超过5分。,10,20,30,40,B
521,85697,单选题,4,我们不可以吃三无产品。以下不属于“三无”的是,无商标或无出厂日期,无生产单位,无保质期等标签不完整,无名字,D
521,85752,单选题,4,要胜任领导工作，需要掌握的本领是很多的。最根本的本领是（）,理论素养,创新能力,实践能力,道德修养,A
521,85452,单选题,4,参与打架，视情节轻重，给予（）以上处分；参与打架，并故意促使事态恶化，造成严重后果，构成刑事犯罪的，可给予（）处分,警告、开除学籍,警告、书面通报批评,警告、警告,严重警告、警告,A
521,85150,单选题,4,福师大宿舍是有限电的，所有功率一律不能超过（）。,1000w,1100w,1200w,1300w,C
521,85785,单选题,3,获得单项奖学金，工作成绩突出，可以参评（ ）。,校三好学生,校优秀学生干部,校三好学生标兵,,B
521,85731,单选题,4,杭州亚运会的 IP 主形象色是,月桂黄,映日红,虹韵紫,水墨白,C
521,85179,单选题,4,福建师范大学校训为“知名行笃，立诚致广”。其中“立诚”，语出：“修辞立其诚”。“立诚”的现代含意可引申为：一是对真理、对国家和民族的忠诚；二是真诚待人、强调诚信，一身正气、光明磊落。,《易经·乾卦·文言》,《诗经》,《尚书》,《礼记》,A
521,85511,单选题,4,辅修专业教育的课程设置应包括该专业主要的基础课程、方向课程以及实践环节。每学期安排的课程学分数原则上不高于（）学分。,10,15,20,25,A
521,85264,单选题,4,担任校学生会主席，能加社会工作分（）分。,5,6,7,8,D
521,85479,单选题,4,上一学期平均学分绩点达到（ ） 及以上的学生，可以在开课一周内向开课学院提出申请并经同意后，免于相关课程的跟班听课，但应参加并完成实验、实践、作业和课程考核。,2.5,2.8,3,3.2,C
521,85648,单选题,4,以下不属于踩踏事故发生的原因的是（）,人群较为集中时，前面有人摔倒，后面人未留意，没有止步；,人群受到惊吓，产生恐慌，如听到爆炸声、枪声，出现惊慌失措的失控局面，在无组织无目的的逃生中，相互拥挤踩踏；,人群因好奇心驱使，专门找人多拥挤处去探看究竟，造成不必要的人员集中而踩踏。,避免到人多拥挤的地方,D
521,85835,单选题,4,. 2024年7月13日，巴黎奥运会中国体育代表团成立动员大会在北京举行。下列关于巴黎奥运会的说法错误的是（    ）。,2024年巴黎奥运会即第34届夏季奥林匹克运动会,霹雳舞列为正式比赛项目,吉祥物为“弗里热”,口号为“奥运更开放”,A
521,85380,单选题,4,高等学校学生行为准则要求我们：①志存高远，坚定信念。热爱祖国，服务人民。②勤奋学习，自强不息。遵纪守法，弘扬正气。③诚实守信，严于律己。明礼修身，团结友爱④勤俭节约，艰苦奋斗。强健体魄，热爱生活。,①②,①②③,①②④,①②③④,D
521,85613,单选题,4,赌博或为赌博提供条件的，视其情节轻重，给予（）处分,留校察看以上,记过以上,严重警告以上,开除学籍,B
521,85704,单选题,3,学生因病或其他特殊原因不能参加课程考核的，应：,在考前口头告知辅导员，等身体恢复后再凭病例材料办理相关手续。,应在考前提供相应证明材料，向所在学院提出缓考申请，经学院批准后，报教务处备案。,在本门考试结束后再凭急病病假证明找辅导员补办申请缓考手续。,,B
521,85775,单选题,4,中国共产党将致力于推动（）发展，促进全球发展繁荣,可持续,高质量,协调性,循环性,B
521,85185,单选题,4,以下不是福建师范大学学生享有的权利是：,公平接受学校教育，平等利用公共教育资源，获得增强实践与创新能力的基本条件保障。,参加社会实践，在校内组织和参加学生团体及文体活动等。,公平获得在国内外深造学习、学术交流、社会服务、勤工助学的机会。,禁止对学校工作提出意见和建议。,D
521,85738,单选题,4,杭州亚运会赛会志愿者昵称为“（）”，这一名称诞生在 G20 杭州峰会，取自宋代诗人杨万里的诗，“接天莲叶无穷碧，映日荷花别样红”。,小青荷,小绿荷,小白荷,小红荷,A
521,85167,单选题,4,以下不可以在师大校内餐厅使用的消费或支付方式是,“一卡通”,信用卡,微信支付,支付宝支付,B
521,85537,单选题,4,宿舍具有潜在火灾隐患的电器是（   ）,电热棒,电暖器,电熨斗,以上全部,D
521,85813,单选题,4,"2024年巴黎奥运会主赛场法兰西体育场将首次采用一种史无前例的跑道颜色是（）,这对运动员的观众来说是一次全新的视觉盛宴。",红色,紫色,绿色,蓝色,B
521,85151,单选题,4,同学们在福师大易班特色应用——“青马易战”上可以（）。,答题获得相应奖励,浏览学校新闻资讯,购买学校精美周边,查阅感兴趣的书籍,A
521,85640,单选题,4,（）时，车辆、行人必须在确保安全的原则上通行。,绿灯亮,红灯亮,黄灯亮,黄灯闪烁,D
521,85133,单选题,4,以下说法错误的是,不准在道路中间招呼车辆，机动车在行驶中不准将身体的任何部位伸出窗外,乘坐私家车时，不准站立，不准在车内吃东西,在公交站不强行上下车，做到先下后上，候车要排队，按秩序上车；下车后要等车辆开走后再行走，如要穿越马路，一定要确保安全的情况下穿行,乘坐超载车辆，乘坐无载客许可证、运动证的车辆。,D
521,85709,单选题,4,雅思或托福成绩单在有效期内的本科学生，雅思成绩达到(  )分（单科不低于6.0分）及以上或托福成绩达到(  )分（单科不低于18分）及以上，且GPA（平均学分绩点）不低于(  )的，可以向国际处申请奖学金。奖学金额度为，雅思900元每人，托福800元每人。,6.0  95  3.0,6.0  90  3.5,6.5  95  3.0,6.5  90  3.5,C
521,85836,单选题,4,. 2024年8月11日，巴黎奥运会闭幕。中国体育代表团获得（），取得我国参加夏季奥运会境外参赛历史最好成绩。,30金37银24铜共91枚奖牌,40金17银24铜共81枚奖牌,40金27银24铜共91枚,30金17银34铜共81枚奖牌,C
521,85831,单选题,4,2024年8月1日，在巴黎奥运会田径女子20公里竞走比赛中，世界纪录保持者、中国队选手（   ）摘得金牌，这是中国田径队在巴黎奥运会上获得的第一枚金牌。,马振霞,杨家玉,切阳什姐,刘虹,B
521,85258,单选题,4,福建师范大学的创办人陈宝琛先生祖籍为（）。,厦门,龙岩,三明,福州,D
521,85255,单选题,4,国家励志奖学金的奖励标准为每人每年（）元。,3000,4000,5000,6000,C
521,85784,单选题,3,已被评为优秀毕业生的学生，有以下哪种情况之一者，取消其优秀毕业生称号。①违反学校规章制度，受到纪律处分或通报批评②毕业论文不合格，不能按时毕业或不能获得学位,①,②,①②,,C
521,85525,单选题,4,新生入学后，学校在（   ）个月内按照国家招生规定对其进行复查。,一,二,三,四,C
521,85549,单选题,4,考试作弊的，给予（）处分。,留校察看以上,记过以上,严重警告以上,开除学籍,A
521,85166,单选题,4,福建师范大学有许多餐厅和丰富多样的美食佳肴，各个餐厅都具有特色，名字也独树一帜。以下不属于师大的餐厅的是（）,花香园美食餐厅,百草园美食餐厅,嘉树园餐厅,一楼美食餐厅,D
521,85144,单选题,4,福建师大校歌由夏冬、常祁作词，（）作曲。,陈宝琛,章绍同,施友忠,章振千,B
521,85769,单选题,4,现代化的最终目标是（）,人民生活更加美好,实现全体人民共同富裕,实现人自由而全面的发展,建成富强民主文明和谐美丽的社会主义现代化强国,C
521,85823,单选题,4,2024年8月3日，巴黎奥运会乒乓球女单决赛中，（   ）成功卫冕女单冠军，成为历史上第三位蝉联奥运会女单冠军的运动员。,王曼昱,陈梦,孙颖莎,王艺迪,B
521,85817,单选题,4,.2024年巴黎奥运会上，中国运动员在绝大部分项目上都有优异表现：如（）在男子100米自由泳项目上打破世界纪录并夺冠,孙杨,潘展乐,徐嘉余,覃海洋,A
521,85597,单选题,4,下列行为，应当认定考试作弊的有（）① 交换试卷②交换答卷③交换草稿纸,①②,①③,①②③,②③,C
521,85719,单选题,4,杭州亚运会的色彩系统主题为（），以“虹韵紫”为主，以“映日红、水墨白、月桂黄、水光蓝、湖山绿”为辅。,淡妆浓抹,华彩画卷,葱郁湖山,舞韵江南,A
521,85649,单选题,4,以下属于正确避免和应对踩踏事件的做法是,"挤到拥挤的人群中,走在人流的中心位置。",在人多的时候不拥挤、不起哄、不制造紧张或恐慌气氛。,逆着人流前进,鞋子被人踩掉，应立即弯腰捡鞋子,B
521,85494,单选题,4,侮辱、诽谤、诬告、陷害他人，写恐吓信或者以其他方法威胁他人安全或干扰他人正常工作生活的，给（）处分,留校察看以上,记过以上,严重警告以上,开除学籍,C
521,85658,单选题,4,当帮助触电者脱离电源后，若触电者心跳停止、呼吸尚存，则应对触电者做（）。若触电者呼吸停止、心跳尚存，则应对触电者做（）。,胸外按压；人工呼吸,胸外按压；心肺复苏,心肺复苏；人工呼吸,人工呼吸；胸外按压,A
521,85583,单选题,4,对家庭经济困难学生进行认定时，认定评议小组成员中学生代表人数一般( )。,不多于班级总人数的10%,不多于班级总人数的20%,不少于班级总人数的10%,不少于班级总人数的20%,C
521,85177,单选题,4,学校徽志是双圆套圆形徽标，中间上方是最早前身校“（）”的外观造型，下方有“1907”字样，代表学校建校时间；外环上方是著名社会活动家、书法家赵朴初题写的校名，下方是“福建师范大学”的英文大写。,福建优级师范学堂,华南女子学院,福建师范学堂,华南优级师范学堂,A
521,85760,单选题,4,新发展格局以()为基础，经济循环畅通需要各产业有序链接、高效畅通,实体经济,新型工业化,统一大市场,现代化产业体系,D
521,85491,单选题,4,住校生未经请假，夜不归宿的，给予警告处分；情节严重的，给予记过以上处分；未经批准，擅自在外租房居住的，给予（）处分,留校察看以上,记过以上,严重警告以上,开除学籍,B
521,85818,单选题,4,.2024年巴黎奥运会上，中国运动员在绝大部分项目上都有优异表现：如跳水女子双人三米板决赛（）、（）夺冠，成功为跳水梦之队拿下金牌，这是中国体育代表团获得的第二枚金牌。,陈艺文、昌雅妮,王柳懿、王芊懿,陈梦、孙颖莎,樊振东、马龙,B
521,85582,单选题,4,宿舍内不得使用功率大于（   ）W 的大功率电器,1700,1500,1200,2000,C
521,85751,单选题,4,树立和践行正确政绩观，起决定性作用的是（）,业务能力,知识水平,党性,素质,C
521,85475,单选题,4,每门课程对应相应学分，一般按学期计算。学生修读某门课程，通过考核成绩达到（）及以上者，可以获得该门课程的相应学分。,优秀,良好,及格,不及格,C
521,85787,单选题,3,"搭乘电梯时,以下哪种方法是错误的?()",人与人至少保证20-30厘米的空间距离,可用衣服代替手按按钮,用纸巾或牙签按按钮,,B
521,85526,单选题,4,三等奖学金的评定条件：当学年政治思想道德表现测评（根据《福建师范大学学生素质综合考评办法》评定，下同）为（  ），《国家学生体质健康标准》成绩（  ），学业表现测评（根据《福建师范大学学生素质综合考评办法》评定，下同）名列同年级同专业的前（  ）（国家基地班名列前45%，免监考班级名列前40%）。,优秀，良好，30%,优秀，合格，30%,良好，合格，35%,优秀，良好，35%,C
521,85463,单选题,4,学生对个人上学期的课程考核成绩有异议的，可在新学期开学两周内，向开课学院提出（ ）申请。经开课学院（   ）批准后，可以查卷。,复核，分管教学领导,口头，分管教学领导,书面，教学秘书,口头，教学秘书,A
521,85493,单选题,4,隐瞒或捏造事实、伪造或涂改证明、证件等弄虚作假行为的，或散布虚假信息且造成不良影响的，给予（）处分,留校察看以上,记过以上,严重警告以上,开除学籍,B
521,85565,单选题,4,有下（）情形之一的，可以酌情减轻或免予处分： ①情节特别轻微的；②主动承认错误的；③有立功表现的；④由于他人胁迫或者诱骗的,①②③④,②③④,①②③,①②④,A
521,85733,单选题,4,习近平总书记赋予杭州（）城市定位，充分体现了总书记对杭州的殷切期望和关心厚爱。①历史文化名城 ②创新活力之城 ③生态文明之都,①②,②③,①③,①②③,D
521,85539,单选题,4,容易引起火灾的行为有（）①使用具有潜在火灾隐患的电器，如电热棒，电热杯，电暖器，电熨斗等②使用明火③乱扔烟蒂④用纸或其它易燃物品做灯罩,①②③,①②④,①③④,①②③④,D
521,85749,单选题,4,治沙造林的模范（），带领群众同荒沙碱滩不屈斗争40多年，在毛乌素沙漠南缘筑起了一条长达100多里的“绿色长城”,黄文秀,张桂梅,黄大发,石光银,D
521,85614,单选题,4,卖淫、嫖娼或介绍、容留他人卖淫、嫖娼的，给予（）处分,严重警告,记过,留校察看,开除学籍,D
521,85621,单选题,4,一等奖学金的评定条件：当学年政治思想道德表现测评（根据《福建师范大学学生素质综合考评办法》评定，下同）为（  ），《国家学生体质健康标准》成绩（  ），学业表现测评（根据《福建师范大学学生素质综合考评办法》评定，下同）名列同年级同专业的前（  ）（国家基地班和免监考班级名列前12%）。,优秀，良好，9%,优秀，合格，10%,良好，合格，8%,优秀，良好，10%,D
521,85647,单选题,4,在户外避震时，应选择在（）蹲下或趴下，不要乱跑，避开人多的地方。,树下,开阔的空地,电线杆下,房屋墙壁处,B
521,85159,单选题,4,下列物品禁止带进福师大学生宿舍的有（）。,小功率电吹风,烤箱,洗衣机,小功率烧水壶,B
521,85147,单选题,4,福建师范大学的校风是（）。,知明行笃，立诚致广,明德至诚，博学致远,重教、勤学、求实、创新,团结、勤奋、求实、创新,C
521,85767,单选题,4,延安时期，中央党校常规班次培养各类骨干上万人，其中约65%的（）代表有中央党校的学习工作经历,五大,六大,七大,八大,C
521,85158,单选题,4,福建师范大学校标主体图形为大学的前身校（）的外观建筑总体造型。,华南女子文理学院,福建协和大学,福建优级师范学堂,福建师范学院,C
521,85578,单选题,4,申请国家奖学金者必须符合以下条件：1、在当学年综合考评成绩中，政治思想道德表现测评评价为（）；2、获得校优秀学生（）等奖学金。,优秀，一等,优秀，二等,良好，二等,良好，一等,A
521,85742,单选题,4,场馆建设是举办一届成功、精彩体育盛会的前提，杭州亚（残）运会共有（）个竞赛场馆。,52,54,56,58,C
521,85740,单选题,4,杭州亚运会吉祥物宸宸的设计灵感来源于（）。,良渚文明的玉琮,京杭大运河杭州段的标志性建筑拱宸桥,钱塘江,西湖中的荷叶,C
521,85374,单选题,4,组织或诱骗他人参加非法传销的，可给予开除学籍处分。参与非法传销或变相非法传销组织，经告诫不改的，给予（）处分。,严重警告以上,留校察看以上,记过以上,开除学籍,A
521,85298,单选题,4,来到福师大校园，下列哪个选项是被允许的（）。,任意时间进出宿舍,在宿舍使用电磁炉,可以使用小功率电器,在宿舍养宠物,C
521,85809,单选题,4,2024年夏季奥林匹克运动会将于（北京时间）2024年7月（）日至8月11日举行,24,25,26,27,C
521,85476,单选题,4,学生未能修满专业人才培养方案规定课程，但在校学习一学年及以上者，可以发给（）。,毕业证书,结业证书,写实性学习证明,肄业证书,D
521,85142,单选题,4,福建师范大学本部现有两个校区，占地面积约4000亩，学校为了方便广大师生出行，设有环校电瓶车，同学们亲切地称呼为（）。,小黄,小蓝,小绿,小白,D
521,85584,单选题,4,校长特别奖学金的评定条件:学习表现特别优秀，当学年符合（ ）奖学金评定条件；且学术成果突出，在我校规定的专业类A类期刊上发表论文或在国家各部委组织（以证书印章为准）的竞赛（或重大国际竞赛）中荣获（ ）以上奖项。,一等，二等,一等，一等,二等，二等,二等，三等,A
521,85518,单选题,4,以下哪个是我校毕业生就业指导中心的官方网站,http://xgxt.fjnu.edu.cn/,http://career.fjnu.edu.cn/,http://stu.fjnu.edu.cn/,http://www.yiban.cn/,B
521,85458,单选题,4,非教学活动使用教室一般安排在哪几个时间段（）。 ①周三下午 ②周六③周天,①②,①,②③,①②③,D
521,85492,单选题,4,冒领、隐匿、毁弃或私自开拆他人邮件（包括信件、包裹、电子邮件等）的，给予（）处分。,留校察看以上,记过以上,严重警告以上,开除学籍,B
521,85454,单选题,4,学生转学手续一般在每年的（）月和（）月办理完毕。,9 12,7  9,6  12,6  9,C
521,85575,单选题,4,以下那个办公室不属于学生工作部（处）（ ）,思想教育办公室,学生管理办公室,就业指导办公室,教学质量管理办公室,D
521,85815,单选题,4,2024年巴黎奥运会中国体育代表团获得（）金27银24铜共91枚奖牌，金牌数与美国队并列排名第一，创造了参加境外奥运会的最佳战绩。,39,40,41,42,B
521,85256,单选题,4,福建师范大学的校训是（）。,知明行笃，立诚致广,明德至诚，博学致远,重教、勤学、求实、创新,团结、勤奋、求实、创新,A
521,85759,单选题,4,这次主题教育的总要求是（）,学思想、强党性、守初心、担使命,守初心、担使命、重实践、建新功,学思想、强党性、重实践、建新功,守初心、担使命、找差距、抓落实,C
521,85148,单选题,4,福师大宿舍实行门禁制度，周天~周四的门禁时间为（）。,22:30~次日6:00,23:00~次日6:00,22:00~次日6:00,23:00~次日7:00,A
521,85783,单选题,3,因考试违纪、作弊或剽窃、抄袭他人研究成果等违背学术诚信行为，受过记过及以上处分(  )次及以上者，不授予学士学位。,1,2,3,,B
521,85659,单选题,4,根据生产安全事故造成的人员伤亡或者直接经济损失，一般分为四个等级：一、特别重大事故，二、重大事故，三、较大事故，四、一般事故。其中特别重大事故，指造成（）人以上死亡，或（）人以上重伤，或（）以上直接经济损失的事故。,1；20；1百万元,1；50；2百万元,30；100；1亿元,30；30；1千万元,C
521,85778,单选题,4,（）是民生之基、财富之源,教育,医疗,就业,住房,C
521,85532,单选题,4,优秀学生奖学金每学年评定一次。非毕业班在每年（ ）月份评定，毕业班在每年（）月份评定。,"3,9","9,10","3,10","9,3",D
521,85482,单选题,4,在留校察看期内发生违纪行为应给予严重警告以下处分的，给予延长留校察看期（）年；应给予记过处分的，给予延长留校察看期（）年；应给予留校察看处分的，可给予开除学籍处分。,一；二,二；三,半；一,半；二,C
521,85638,单选题,4,当伤口流血时，患者还可以用手按压进行止血。一种是直接对伤口按压，就是用干净的纱布或是其他的布类物品直接按在出血区，可有效止血。另一种就是指压止血法，用手指按在（），阻断运血来源，从而达到止血的目的。,血动脉远心端附近的骨头上,血动脉近心端附近的骨头上,伤口附近的皮肤上,大动脉上,B
521,85757,单选题,4,对于我们这样一个世界上最大的马克思主义执政党来说，（）强，才能方向明、人心齐、底气足,理论,政治,作风,能力,A
521,85381,单选题,4,拥护中国共产党的领导，热爱社会主义祖国，遵纪守法，品行端正，遵守科学道德和学术规范，并达到以下哪几项者，学校授予学士学位。①完成专业培养方案所规定的各项要求，课程学习，毕业论文（设计）及其他实践环节学习成绩合格，修满规定学分 ②通过审核，取得毕业资格 ③平均学分绩点不低于2.0 ④较好掌握本学科专业的基础理论，专门知识和基本技能，具有从事科学研究工作或担负专门技术工作的初步能力 .,①②,①②③,①②④,①②③④,D
521,85128,单选题,4,关于宿舍用电安全，以下说法错误的是,不使用烹煮电器、具有潜在火灾隐患的电器,不使用“三无”电器产品和国家明确淘汰的万用插座,每间宿舍同时拥有和使用多个随手泡,在同时使用电热水器、空调时，尽量减少使用其他电器，避免线路跳闸。,C
521,85183,单选题,4,福建师范大学有许多校级学生组织，以下不属于校级学生组织的是（）,校学生会,小葵新媒体工作室,校学生社团联合会,校青年志愿者协会,B
521,85138,单选题,4,福建师范大学坐落于东南名城—福州市，始于（）建立。,1906,1907,1908,1910,B
521,85824,单选题,4,2024年8月4日，射击男子25米手枪速射决赛，中国选手（   ）、（   ）分获金牌和铜牌，实现了中国队在该项目上金牌零的突破。,李越宏；王鑫杰,王鑫杰；李越宏,刘宇坤；杜林澍 ,杜林澍；刘宇坤,A
521,85574,单选题,4,福建师范大学的校训要求学生努力做到哪几个统一（ ）①知与行的统一②学会做人与学会做事的统一③认知与实践的统一③兼容与并蓄的统一,①②③,①③④,①②④,①②③④,A
521,85522,单选题,4,学生学习期间应征参加中国人民解放军（含中国人民武装警察部队）可保留学籍至退役后（  ）年。,三,一,两,四,C
521,85483,单选题,4,有（ ）情形之一的，应当加重处分。①对检举人、证人打击报复者②胁迫、诱骗或唆使他人违纪、违规者③已受纪律处分，再次违纪的④其他应加重处分的情形,①②③④,①③,①②,②③,A
521,85169,单选题,4,福建师范大学简称为“福建师大”，英文缩写是（）,FNU,FU,CNU,ZNU,A
521,85772,单选题,4,现代化不会从天上掉下来，而是要通过发扬()干出来,艰苦奋斗精神,历史主动精神,勇于创新精神,奋发笃行精神,B
521,85620,单选题,4,“免监考班级”考务工作（含试卷发放回收等）由班长、团支部书记配合任课（主考）教师完成，考场记录单由()共同填写。①任课（主考）教师②班长③团支部书记,①②,②③,①③,①②③,D
521,85653,单选题,4,如果炒菜时油锅起火，不正确的做法是,迅速将锅盖紧紧盖上，使锅里的油火因缺氧而熄灭,用水扑救,用沙子覆盖以实现灭火,保持冷静,B
521,85827,单选题,4,2024年巴黎奥运会开幕式中，中国体育代表团旗手由乒乓球运动员（   ）、花样游泳运动员（   ）担任。,孙颖莎；肖雁宁,梁靖崑；张雅怡,樊振东；王柳懿,马龙；冯雨,D
521,85654,单选题,4,每年的消防安全日是（）,11月1日,11月9日,12月1日,1月10日,B
521,85466,单选题,4,“免监考班级”若有考试违规现象或举报有作弊事实并经查实的，在校“三好学生”“优秀学生干部”“优秀共青团员”“优秀共青团干部”评选中增加的比例予以取消，并按原增加的比例降低同样百分点。.以下正确的是（ ）①在校 “三好学生”、“优秀学生干部”评选中比例降低 3%，②在“优秀共青团员” 评选中比例降低 2%，③在“优秀共青团干部”评选中比例降低 1%。,①②,②③,①③,①②③,D
521,85357,单选题,4,校园“110”值班电话是？,110,119,120,22867110（旗山校区）、83465374（仓山校区）,D
521,85753,单选题,4,（）是做好工作的看家本领，是指导我们认识世界、改造世界的强大思想武器,党的群众路线,马克思主义立场、观点、方法,斗争精神和斗争本领,解决实际问题能力,B
521,85172,单选题,4,以下哪项不是福建师范大学的学生应履行的义务：,勤学、修德、明辨、笃实，积极进取，全面发展，按规定完成学业。,遵守学校各项规章制度和学生行为规范。,珍惜和维护学校声誉，维护学校权益，爱护并合理使用学校教育设备和生活设施。,不按时缴纳学费及其他相关费用。,D
521,85369,单选题,4,免监考班级的申请条件是（） ①校本部一、二、三年级全日制本科学生班级。 ②班风、学风端正，班级两委战斗力、凝聚力强，班级成员积极上进，学习氛围浓厚。 ③班级成员均能严格遵守《福建师范大学考场规则》等考场纪律和有关规定，在申请前一学年各种考试中没有出现过违纪和作弊现象。,①②,②③,①③,①②③,D
521,85530,单选题,4,非毕业学年学习优秀奖学金，评奖比例不超过同年级同专业学生数的（    ），每人（   ）元/学年。,5%，200,5%，500,3%，500,3%，300,A
521,85259,单选题,4,（）年，福建师范学院更名为福建师范大学。,1969,1970,1971,1972,D
521,85766,单选题,4,（）同志曾在党的七大上作结论报告时讲：“中央在这里，党校在这里，七大在这里开，这个问题解决了，中华民族就胜利了”，充分肯定了中央党校在中国革命中的重要地位和作用,毛泽东,周恩来,刘少奇,任弼时,A
521,85484,单选题,4,受开除学籍处分的学生，应在 （） 个工作日内办好离校手续。档案由学校退回其家庭所在地。户口在学校的，按照国家相关规定迁回原户籍地或者家庭户籍所地。,1,2,3,4,C
521,85480,单选题,4,确因急病无法事先提出申请缓考者，应在该门课程考核结束（ ）个工作日内，凭急病病假证明补办相关手续。逾期不办者，以旷考论处。,一,三,五,七,B
521,85161,单选题,4,福师大校训“知明行笃，立诚致广”，其中“立诚”，语出（）。,《易经·乾卦·文言》,《中庸》,《孟子》,《论语》,A
521,85727,单选题,4,杭州亚运会竞赛项目共有（）个大项、（）个分项，总共 483 个小项。,39 60,40 60,39 61,40 61,D
521,85363,单选题,4,因故不能按期报到、注册者，应向所在学院办理请假或暂缓注册手续。逾期（）未注册而又未履行暂缓注册手续的，学校可予退学处理。,四周,三周,一周,两周,D
521,85569,单选题,4,普通教室的开放时间是（）。,6:30－22:30,6:30－22:00,7:00－22:00,7:00－22:30,A
521,85607,单选题,4,考生不遵守考场纪律，不服从考试工作人员的安排与要求，有下列行为之一的，应当认定为考试违纪（）①携带规定以外的物品进入考场或者未放在指定位置的；②未在规定的座位参加考试的；③考试开始信号发出前答题或者考试结束信号发出后继续答题的；,①②③,①②,②③,①③,A
521,85821,单选题,4,.在2024年巴黎奥运会羽毛球混合双打决赛中，中国“雅思”组合（）、（）2比0战胜韩国组合金元昊、郑娜银，夺得金牌。这是中国奥运代表团的第13枚金牌，也是中国羽毛球队的第一枚金牌。,郑思维、黄雅琼,郭新娃、李茜,程星、张驰,张楠、李茵晖,A
521,85370,单选题,4,出现下列哪种情况的，将撤消“免监考班级”资格： ①实施考试过程中，出现任何一次违反考试纪律或作弊现象的。 ②班级成员、班委会或团支委会提出撤消，并向教务处提出书面申请的。③因其它违纪原因被学校认为必须撤消资格的。,①②,②③,①③,①②③,D
521,85598,单选题,4,故意销毁（）的应当认定考试作弊。,试卷、答卷或者考试材料的,试卷,答卷,草稿纸,A
521,85555,单选题,4,“第一时间响应，第一时间联动，第一时间解决，第一时间反馈”体现我校哪个组织的工作特点。（ ）,校学生服务联动协调中心,学生发展与服务中心,校社联,后勤服务集团,A
521,85145,单选题,4,下列哪一选项不是福师大学生宿舍（旗山校区）名称（）。,桂苑,桃苑,榕苑,橙苑,D
521,85510,单选题,4,代替他人或让他人代替自己参加考试、组织作弊、使用专用设备或器材作弊、向他人出售考试试题或答案牟取利益，以及其他严重作弊或扰乱考试秩序行为的，可给予（）处分。,严重警告以上,记过以上,留校察看以上,开除学籍,D
521,85149,单选题,4,福师大宿舍实行门禁制度，周五~周六的门禁时间为（）。,22:30~次日6:00,23:00~次日6:00,22:00~次日6:00,23:00~次日7:00,B
521,85599,单选题,4,（）负责学校考试组织工作的管理与监督，并依据本办法，对考生考试违规行为予以认定。,学工部,辅导员,教务处,监考人员,C
521,85764,单选题,4,推动共建“一带一路”高质量发展，积极参与国际经贸规则谈判，推动形成()的世界经济秩序，为实现国内国际两个市场两种资源联动循环创造条件,开放、智能、稳定,开放、多元、稳定,开放、智能、包容,开放、多元、包容,B
521,85721,单选题,4,杭州2022年19届亚运会吉祥物组合出自唐代诗人（）的名句“忆江南最忆是杭州”,白居易,李白,孟浩然,杜甫,A
521,85551,单选题,4,学生网络行为规范中规定不允许做（  ）。,危害国家安全的活动。,制作、传播影响民族团结、破坏国家民族宗教政策,宣扬邪教和封建迷信的信息、言论。,以上都是,D
521,85509,单选题,4,一学期累计旷课不满（）学时的，视情节给予警告或严重警告处分。,20,30,40,50,B
521,85716,单选题,4,以下哪个不是杭州亚运会吉祥物,莲莲,杭杭,琮琮,宸宸,B
521,85300,单选题,4,福师大校训意义深远，出自很多著名书籍，其中不包括哪个（）。,《朱子语类》,《易经·乾卦·文言》,《中庸》,《孟子》,D
521,85153,单选题,4,学校在（）年更名为福建师范大学。,1970,1972,1980,1990,B
521,85754,单选题,4,习近平在宁德工作时推动建立了（）三级领导干部下访制度，把领导下访日变成群众服务日,省、市、县,地、县、乡,县、乡、镇,县、乡、村,B
521,85176,单选题,4,学校徽志是双圆套圆形徽标，中间上方是最早前身校的外观造型，下方有“（）”字样，代表学校建校时间；外环上方是著名社会活动家、书法家赵朴初题写的校名，下方是“福建师范大学”的英文大写。,1897,1907,1947,1987,B
521,85576,单选题,4,学生修读辅修专业，每修完 1 学分可在学生素质学年综合考评的当学年学业表现中一次性加平均学分成绩（）分。,0.1,0.2,0.3,0.4,A
521,85251,单选题,4,学校肇始于（）年清朝帝师陈宝琛先生创办的“福建优级师范学堂”。,1907,1908,1909,1910,A
521,85180,单选题,4,“青马易战”答题应用是福建师范大学易班发展中心基于易班应用开放接口，集思想性、学习性和趣味性于一体的易班特色应用。收录了“（）”等课程转化而来的两万余道选择题、判断题,马克思主义基本原理,法学概论,物理与能源概论,有机化学,A
521,85611,单选题,4,在学生宿舍楼饲养宠物的，视其情节轻重，给予（）处分,警告或严重警告,留校察看,记过,开除学籍,A
521,85612,单选题,4,违反考试纪律尚未构成作弊的，视认识态度，给予（）,警告或严重警告,严重警告或记过处分,记过或留校察看,留校察看或开除学籍,B
521,85737,单选题,4,（）是杭州亚运会的目标导向——①体育亚运 ②城市亚运 ③品牌亚运,①②,①③,②③,①②③,D
521,85557,单选题,4,学生思想政治表现的奖励分包括以下哪几个部分（  ）①荣誉分②社会工作分③附加分④其他,①②③,①②④,①②③④,①③④,A
521,85628,单选题,4,着火时，如果来得及的话，可立即用厚棉被压住火苗，再由（）泼水，以缓解火势蔓延其他易燃物品上。,四周,中央,四周至中央,中央至四周,C
521,85748,单选题,4,（）是立党兴党之基，也是党员干部安身立命之本,优良作风,理想信念,群众路线,过硬本领,B
521,85477,单选题,4,对学习不满一学年者可以发给（）。,毕业证书,结业证书,写实性学习证明,肄业证书,C
521,85635,单选题,4,禁止学生携带易燃易爆物品和（）等危险品进学校,纸和笔,尖锐硬物和刀具,通讯设备,玩具,B
521,85589,单选题,4,学生思想政治表现基础分满分为（  ）。,90分,100分,80分,70分,C
521,85592,单选题,4,全国大学英语四级、六级考试成绩达到425分及以上者，分别在当学年（ ）中一次性加平均学分成绩2分、4分。,思想政治表现分,学业表现分,文体表现分,综合素质测评分,B
521,85544,单选题,4,在校生因故不能如期报到和注册者，必须向学院办理（   ）手续。,请假,请假或暂缓注册,暂缓注册,休学,B
521,85567,单选题,4,学校成立福建师范大学学生申诉处理委员会，该申诉委员会的具体职能是（）①受理学生申诉②就学生申诉的问题进行复查或听证③作出处理决定或建议。,①②,②③,①③,①②③,D
521,85506,单选题,4,学生有（）情形，学校可予退学处理：①学业成绩未达到学校要求或者在学校规定的最长学习年限内未完成学业的②休学、保留学籍期满逾期两周未提出复学申请；或者申请复学但经复查不合格，且在学校规定的最长学习年限内不愿意继续休学的;③根据学校指定医院诊断，患有疾病或者意外伤残不能继续在校学习的④未经批准连续两周未参加学校规定的教学活动的⑤逾期两周未注册而又未履行暂缓注册手续的⑥学校规定的不能完成学业、应予退学的其他情形,① ② ③,①  ③ ④ ⑤⑥,① ② ③ ④ ⑤ ⑥,②  ④ ⑤ ⑥,C
521,85489,单选题,4,盗窃、诈骗、哄抢、抢夺、侵占、故意损毁公私财物或虚拟财物，敲诈、勒索他人，明知是赃物而购买、窝藏、销毁或转移的，视标的额大小和情节轻重，给予()处分,留校察看以上,记过以上,严重警告以上,开除学籍,B
521,85799,单选题,4,在2024年巴黎奥运会中，由丁欣怡.郭崎琪.郝婷.黄张嘉洋和王澜静组成的中国队以（   ）的总分夺冠，拿下中国艺术体操队史上第（   ）枚奥运会金牌。,68.800；一,69.800；一,68.800；二,69.800；二,B
521,85472,单选题,4,学生一学年所修读的必修课与专业选修课经补考后，仍不及格课程的学分数超过当学年所修读的必修课与专业选修课学分数之和（ ）的，所在学院应劝其退学，并书面通知学生本人及家长。,三分之一,二分之一,四分之一,四分之三,B
521,85711,单选题,4,教室开放原则：坐满教室额定座位数(  )时，可开放其他教室作为自习教室.,0.4,0.5,0.6,0.7,B
521,85534,单选题,3,某同学于当学年同时兼任院学生会主席、学生党支部书记和宿舍长等多个职位。问：在该同学的社会工作分上，该如何加分？,全部累加,取最高一项加分,任取两项相加,,B
521,85556,单选题,4,凡在本学年内被评为校级或校级以上先进集体称号的班级，该班的班长和团支部书记，每人加（ ）分，其他班委和支部委员每人加（ ）分，班级其他成员加（ ）分。,3，1，2,3，2，1,4，3，2,4，2，1,B
521,85548,单选题,4,纪律处分的种类有哪些？①警告②严重警告③记过④留校察看⑤开除学籍,①②③④⑤,①②,③④,③④⑤,A
521,85266,单选题,4,福建师范大学优秀学生奖学金三等奖奖学金评奖比例不超过同年级同专业学生数的（）。,5％,10％,15％,20％,C
521,85552,单选题,4,以下哪些行为是违反规定的？①在网络上售卖假冒伪劣产品，②在网络上购买非法物品和服务③沉溺于网络④传播、复制和使用网络上未公开、未授权或享有版权的文字图片、音像制品,①,①②③④,③④,②③,B
521,85361,单选题,4,以下不得堆放易燃杂物的地方是（  ）,楼道,阳台,消防疏散通道,以上都是,D
521,85168,单选题,4,福建师范大学位于东南沿海一带，充分发挥其区位优势，积极开展对外交流与合作。以下不属于师大区位优势的是,处于21世纪海上丝绸之路核心区,位于一带一路的重要地区,与京津冀位置相近,毗邻台港澳,C
521,85800,单选题,4,2024年8月10日，在巴黎奥运会举重102公斤级比赛中，中国选手（   ）夺得金牌。这是中国男子举重大级别在奥运会的首枚金牌，也是中国举重队在本届奥运会收获的第四金。,李发彬,石智勇,侯志慧,刘焕华,D
521,85656,单选题,4,当要使触电者脱离电源，但是却找不到开关或者插头时，可用干燥的（）等绝缘体将电线拨开，使触电者脱离电源。,木棒,铁棍,钢筋,软纸箱,A
521,85527,单选题,4,非毕业学年一等奖学金，评奖比例不超过同年级同专业学生数的（    ），每人（   ）元/学年。,5%，1000,3%，2000,6%，3000,4%，1500,B
521,85806,单选题,4,.2024年8月4日，在巴黎奥运会乒乓球男单决赛中，（   ）以4:1击败瑞典选手特鲁斯·莫雷高德，夺得个人首枚奥运男单金牌，成为包揽世界杯.世乒赛.奥运会单打冠军的大满贯选手，同时成为世界乒坛第11位“大满贯”选手。,樊振东,王楚钦,马龙,梁靖崑,A
521,85762,单选题,4,推进高水平对外开放，对标高标准国际贸易和投资通行规则，稳步扩大规则、规制、管理、标准等制度型开放，增强在国际大循环中的(),话语权,主导权,主动权,领导权,A
521,85461,单选题,4,学生未能修满专业人才培养方案规定课程，但在校学习（ ）学年及以上者，可以发给肄业证书。,三,二,一,四,C
521,85352,单选题,4,积极参加无偿献血者，德育测评奖励分当学年最高不超过（ ）。,1分,2分,3分,4分,B
521,85497,单选题,4,纠集他人打架斗殴、聚众斗殴的，视情节轻重，给予（）以上处分。,严重警告,记过,警告,留校察看,D
521,85299,单选题,4,下列哪个选项不是福师大学生宿舍（旗山校区）名称（）。,兰苑,李苑,桃苑,梅苑,D
521,85560,单选题,4,下列做法正确的是（   ）,人离开宿舍时检查电器是否断电,将发热电器与可燃物放在一起,在非火情情况下挪用消防设备,使用烹煮电器,A
521,85735,单选题,4,杭州亚运会体育图标的设计理念源自于著名典故,曲水流觞,弄潮儿,上善若水,高山流水,A
521,85543,单选题,4,在非火情情况下，下列做法正确的（   ）,擅自动用消防器材,明确消防器材位置,破坏消防基础设施,擅自挪动消防器材位置,B
521,85367,单选题,4,学校肇始于1907年清朝帝师陈宝琛创办的（）,福建协和大学,华南女子文理学院,福建师范学院,福建优级师范学堂,D
521,85833,单选题,4,.2024 年奥运会是由法国巴黎举办的国际性奥林匹克赛事。下列有关说法正确的是（,①③,②④,①②,③④,B
521,85577,单选题,4,参军入伍可获得（）个学分。,2,1,3,2.5,A
521,85792,单选题,3,杭州亚运会亚运数字火炬手发布平台（），是亚运史上首个一站式数字观赛平台。,智能亚运一站通,智慧亚运通,智慧一站通,,A
521,85645,单选题,4,电线破损、断落时，（），应及时断开电源，然后立即找电工修理。,千万不要触碰,可以自行维修,自己替换保险丝等,放任不管,A
521,85500,单选题,4,学生在校期间一学期累计旷课不满（）学时的，视情节给予警告或严重警告处分；旷课达（）学时及以上、尚不满（）学时的，给予记过或留校察看处分；达到（）学时及以上的，可给予开除学籍处分。,30、30、60、60,40、40、60、60,30、30、70、70,40、40、70、70,A
521,85726,单选题,4,杭州第 4 届亚残运会将于 2023 年（）举行。,10 月 15 日-21 日,10 月 21 日-27 日,10 月 22 日-28 日,10 月 3 日-9 日,C
521,85356,单选题,4,关于优秀毕业生的评选条件学习勤奋，成绩优良方面，需要具备至少一项条件。其中包括？①在学期间获得国家奖学金、校长特别奖学金，或“五四青年奖章”“新长征突击手”“三好学生标兵”“优秀共青团干部标兵”“优秀共青团员标兵”“三好学生”“优秀学生干部”“优秀共青团干部”“优秀共青团员”等校级、省级以上荣誉称号。②获得省级学科类竞赛，“挑战杯”课外科技学术作品竞赛，创业计划大赛，“互联网+”大学生创新创业大赛三等奖（或铜奖）以上。③学生综合素质考评毕业总成绩排名在同年级同专业前15%。④在学期间表现特别突出，为学校作出重大贡献或赢得荣誉 。,①②,①③,①②③,①②③④,D
521,85629,单选题,4,当你出门需要选择飞机作为交通工具时，最好选择（）的飞机。因为飞机机体越大，受到国际安全检测标准也越多、越严，也相对安全。,私人,10座以下,30座以下,30座以上,D
521,85810,单选题,4,2024年巴黎奥运会共设有（）个大项，329个小项。,31,32,33,34,B
521,85132,单选题,4,以下不属于烫伤常见症状的是（）,皮肤红肿,水疱,流血,疼痛,C
521,85590,单选题,4,学生思想政治表现分同时转换成等级制，分为优秀、良好、合格、不合格四个等级。根据计算结果，由高到低确定等级，其中优秀比例不超过同年级同专业的（   ）（获得省级以上班集体荣誉称号的不超过40%），良好比例不超过（   ）。,30%，70%,20%，70%,10%，80%,30%，60%,D
521,85741,单选题,4,在倒计时 100 天之际，杭州第 19 届亚运会的火种采集仪式在（）举行。,杭州西湖,杭州拱宸桥,杭州良渚古城遗址,杭州半山森林公园,C
521,85793,单选题,4,2024 年奥运会是由法国巴黎举办的国际性奥林匹克赛事，于当地时间 2024 年（ ）开幕，8 月 11 日闭幕。,7 月 26 日,7 月 25 日,7 月 24 日,7 月 23 日,A
521,85608,单选题,4,考生不遵守考场纪律，不服从考试工作人员的安排与要求，有下列行为之一的，应当认定为考试违纪（）①在考试过程中旁窥、交头接耳、互打暗号或者手势的；②在考场周围喧哗、吸烟或者实施其他影响考场秩序的行为的；③未经考试工作人员同意在考试过程中擅自离开考场的；,①②③,②③,①③,①②,A
521,85832,单选题,4,. 2024 年奥运会是由法国巴黎举办的国际性奥林匹克赛事，于当地时间 2024 年（,7 月 26 日,7 月 25 日,7 月 24 日,7 月 23 日,A
521,85615,单选题,4,扰乱宿舍秩序，对其他人的正常学习生活造成影响，视其情节轻重给予（）处分,警告以上、记过以下,记过以上、留校察看以下,留校察看以上、开除学籍以下,开除学籍,A
521,85471,单选题,4,学生一学年所修读的必修课与专业选修课经补考后，仍不及格课程的学分数超过当学年所修读的必修课与专业选修课学分数之和（ ）的，所在学院应给予学业预警，并书面通知学生本人及家长。,三分之一,二分之一,四分之一,四分之三,A
521,85269,单选题,4,下列不属于福师大食堂的是（）。,百草园,花香园,千叶园,玫瑰园,D
521,85257,单选题,4,福建师范大学现任校长为（）。,李建平,王长平,潘玉腾,黄汉升,B
521,85617,单选题,4,旷课达 30学时以上（含 30 学时）尚不满 （） 学时的，给予记过或留校察看处分,40,50,60,70,C
521,85146,单选题,4,福师大图书馆的名称是（）。,又玄图书馆,美清图书馆,人文图书馆,明德图书馆,A
521,85465,单选题,4,学生对学校的处分决定或处理决定有异议的，在接到学校处分决定书或处理决定书之日起（）个工作日内，可以向申诉处理委员会提出申诉。,3,5,7,10,D
521,85373,单选题,4,当学年政治思想道德表现测评良好，学业表现测评名列同年级同专业的前10%，可以获得（ ）,学习优秀奖学金,社会工作奖学金,创新奖学金,文体奖学金,A
521,85789,单选题,3,因考试违纪、作弊或剽窃、抄袭他人研究成果等违背学术诚信行为，受过记过及以上处分( )次及以上者，不授予学士学位。,1,2,3,,B
521,85143,单选题,4,福师大校训“知明行笃，立诚致广”，其中“知明行笃”出自哪一位名人。（）,朱熹,程颐,王阳明,陶渊明,A
521,85536,单选题,4,限制宿舍内随手泡使用数量，每间限用（ ）个，且使用过程中人必须在场。,4,3,2,1,D
521,85660,单选题,4,如果已被洪水包围，要设法尽快与（）联系，报告自己方位和险情，积极寻求救援。,当地防汛部门,家里,公安机关,医疗急救中心,A
521,85457,单选题,4,福建师范大学徽志不包括以下哪一部分,“福建优级师范学堂”的外观造型,“1907”字样,“福建师范大学”的英文大写,“福建师范大学”的校训,D
521,85808,单选题,4,"2024年巴黎奥运会,是第（）届夏季奥林匹克运动会？",32,33,34,35,B
521,85568,单选题,4,"全校公用教室调度实行网络化管理，申请教室的校内部门、班级、社团需由经办教师或教务员,通过（）。",“教学系统”网上预约,教学秘书预约,教务处预约,辅导员预约,A
521,85371,单选题,4,“免监考班级”保持一学年及以上者，一次性奖励30人以上的班级活动经费 （） 元。,1000,800,600,500,A
521,85538,单选题,4,在宿舍内以下做法正确的是（   ）,不使用烹煮电器,私拉电线,使用明火,在阳台堆放纸箱等易燃杂物,A
521,85376,单选题,4,有下列哪几种情况，应予退学：①学生一学年所修读的必修课与限定选修课经补考后，不及格课程的学分数超过当学年所修读的必修课与限定选修课学分三分之一的；②逾期两周未注册而又未履行暂缓注册手续的；③学业成绩未达到学校要求或者在学校规定的最长学习年限内不愿意继续休学的；④未经批准连续两周未参加学校规定的教学活动的,①②③,①②④,①②③④,②③④,D
521,85448,单选题,4,学生未达到国家颁布的《学生体质健康标准》者，（ )毕业，作( )处理，由学校发给结业证书。,不予 结业,不予 肄业,予以 结业,予以 肄业,A
521,85626,单选题,4,发生溺水事件时，不太熟悉水性者应采取（），头部向下，使鼻部露出水面呼吸，呼气要浅，吸气要深。切忌慌张，将手臂上举乱扑动，（）身体下沉。,仰卧位；放慢,仰卧位；加速,侧卧位；加速,俯卧位；放慢,B
521,85316,单选题,4,在宿舍内严禁使用的有（   ）,国家明确淘汰的万用插座,“三无”电器产品,电热棒,以上全部,D
521,85770,单选题,4,我们要秉持（），探索现代化道路的多样性,兼容并蓄原则,独立自主原则,求同存异原则,批判借鉴原则,B
521,85651,单选题,4,楼梯被烟火包围时，以下的自救方法错误的是,将床单撕开连接成绳索，一头牢固地系在窗框上，然后顺绳索滑下去。,楼房的平屋顶是比较危险的处所，不可以到那里避难。,从突出的墙边、墙裙和相连接的阳台等部位转移到安全的区域。,到未着火的房间内躲藏求援。,B
521,85347,单选题,4,学生对转专业申请结果有异议的，可在公示期内，向（）提出申诉。（1.学院 ; 2.学工处 ; 3.教务处 ; 4.学校办公室）,1234,123,13,134,C
521,85600,单选题,4,下列行为是考试违纪的有（  ）①未在规定的座位参加考试的②未经考试工作人员同意在考试过程中擅自离开考场的③抢夺、窃取他人试卷、答卷或者胁迫他人为自己抄袭提供方便的,①②,①③,①②③,②③,C
521,85782,单选题,3,中国首次参加亚运会在奖牌榜上排名,第一,第二,第三,,C
521,85170,单选题,4,"学校牢固确立人才培养的中心地位，深化教育教学改革,创新人才培养模式，强化“（）”的育人特色，切实提升人才培养质量。",明德至诚，博学致远,厚基础、重实践、求创新、强能力,以人为本,知明行笃、立诚致广,B
521,85708,单选题,4,学生在校最长学习年限一般为专业人才培养方案规定的学制年限延长(  )年。属于高水平运动员学生的，可以延长(  )年；属于在校生休学创业的，可以延长5年；其他的学生确有特殊情形需要延长的，经本人申请、所在学院同意、教务处审核、分管校领导批准后可以适当延长。,2  3,2  4,3  4,3  5,A
521,85154,单选题,4,福建师范大学身为中国建校最早的师范大学之一，前身是由清朝帝师（）创办的。,陈宝琛,陆润痒,徐坊,梁鼎芬,A
521,85559,单选题,4,凡无故不参加集体组织的文化体育活动者，每次扣（  ）。,1分,2分,3分,4分,A
521,85186,单选题,4,福师大校训“知明行笃，立诚致广”，其中“致广”，语出（）。,《易经·乾卦·文言》,《中庸》,《孟子》,《论语》,B
521,85502,单选题,4,学生在专业人才培养方案规定的学制年限内，修完专业人才培养方案规定课程，但未达到毕业要求，可以结业，由学校发给结业证书。在规定的最长学习年限内，由本人提出申请，经所在学院审核同意，报教务处批准后，可以进行课程重修，其中实习实践、毕业论文（毕业设计）可以补做或重做（）次，达到毕业要求者，由学校换发毕业证书，毕业时间按发证日期填写。,一,二,三,四,A
521,85781,单选题,4,百年大计，教育为本。财政性教育经费占国内生产总值比例每年都保持在（）以上，学生人均经费投入大幅增加,3%,4%,5%,7%,B
521,85362,单选题,4,对于申请免监考班级，以自然班级为单位，在每学年第一学期开学后的（）内，由班级两委全体成员会议共同讨论提出，并征得全班同学的同意后，向所在年级辅导员提出书面申请（申请书上须有班级全体同学签名）。,一周,两周,三周,一个月,D
521,85488,单选题,4,旷课达到（）学时及以上的，可给予开除学籍处分。,50,60,70,80,B
521,85173,单选题,4,学校的网址是（）。,www.fju.edu.cn,www.fjnu.edu.cn,www.fjnu.gov.cn,www.fu.edu.cn,B
521,85267,单选题,4,学生参加勤工助学的时间原则上每周不超过（）小时。,6,8,10,12,B
521,85155,单选题,4,今年是福建师范大学成立的第（）年。,112,113,114,115,C
521,85136,单选题,4,以下不属于交通安全的意义的是,交通安全不仅关系到自己的生命和安全，同时也是尊重他人生命的体现，是构筑和谐社会的重要因素。,现代交通的发达虽然给人们带来了无尽的便利，但同时也增加了许多安全隐患。,有人曾称交通事故为“现代社会的交通战争”，交通事故像一个隐形的杀手，潜伏在马路上等待着违章违规的人出现。因此，人们应当学会保护自己，要养成文明行车，文明走路的习惯。维护交通安全仅仅是交警的职责所在，无关人民。,交通安全大的方面来讲，保护国家集体的财产安全，维护交通秩序，提高道路交通能力。也是经济建设的有利支持。小的来讲，对于个人，适当的缩小自己的权利，为的是保障自己的以及更多人的生命安全，避免造成不必要的财产和经济损失。,C
521,85632,单选题,4,火灾发生时，如果没有逃生之路，而所有房间离燃烧点还有一段距离，则可退居室内，关闭通往火区的所有门窗，有条件时还可向门窗（），或用（）等塞住门缝，以延缓火势蔓延过程，等待求救。,洒水；纸团,洒水；碎布,吹风；纸团,吹风；碎布,B
521,85260,单选题,4,以下哪家奶茶店是校内所没有的（）。,古茗,茶百道,益禾堂,巢南之,A
521,85451,单选题,4,学生对修读的课程考核成绩不满意或经补考后仍不及格的，在学校条件允许的情况下，（ ）申请重修。必修课经补考后仍不及格的，必须重修；选修课经补考后仍不及格的，（）重修,可以 不可以,不可以 可以,可以 可以,不可以 不可以,C
521,85695,单选题,4,"全校公用教室调度实行网络化管理，申请教室的校内部门、班级、社团需由经办教师或教务员,通过（）预约。",“教学系统”网上预约,教学秘书预约,教务处预约,辅导员预约,A
521,85631,单选题,4,严禁将（）直接插入插座内使用，以免造成短路或产生的火花引发火灾,导线,三孔插头,两孔插头,手机充电头,A
521,85637,单选题,4,"火灾指在时间或空间上失去控制的燃烧所造成的灾害。火灾最佳逃生时间为90秒,民用住宅是（）分钟,高层建筑是5～6分钟。",1,2～3,4～5,7～10,B
521,85503,单选题,4,学生因病请假三天及以上的，需有学校医院或学校医院认可的（）及以上医院专科证明。,二级甲等,二级乙等,三级甲等,三级乙等,A
521,85496,单选题,4,学生对处分决定有异议的，在接到学校处分决定书之日起（）个工作日内，可以向学生申诉处理委员会提出书面申诉。,3,5,7,10,D
521,85795,单选题,4,2024 年奥运会是由法国巴黎举办的国际性奥林匹克赛事。下列有关说法正确的是（ ）。,①③,②④,①②,③④,B
521,85791,单选题,3,杭州第19届亚运会火炬名为,圣火,薪火,祥云,,B
521,85771,单选题,4,我们要树立（），保持现代化进程的持续性,开拓创新意识,守正固本意识,不断进取意识,守正创新意识,D
521,85634,单选题,4,什么情况下，不要接触电线插销和使用灯头开关的电灯。,手上沾水或出汗过多时,手部干燥,电源已被全部切断,干燥的木棒,A
521,85819,单选题,4,.2024年巴黎奥运会乒乓球混双决赛，（）、（）大比分4比2战胜朝鲜组合李正植、金琴英，夺得乒乓球项目混双金牌。这枚金牌是中国乒乓球历史上首枚奥运混双金牌，也是本次巴黎奥运会乒乓球项目上的首金。,林诗栋、蒯曼,王楚钦、孙颖莎,姚钧涛、吴咏琳,陈颢桦、朱成竹,A
521,85717,单选题,4,举办亚运会次数最多的城市,泰国曼谷,韩国仁川,日本广岛,中国北京,A
521,85587,单选题,4,出现下列哪几种情况，取消先进集体的评选资格？（  ） ①班级同学受到警告及警告以上纪律处分；②班级同学在学校课堂纪律抽查中，出现迟到、早退、旷课的现象；③班级同学在当学年有课程不及格者；④班级同学所在的宿舍因违反宿舍管理和文明校园建设的相关规定而受到通报。,①②③,①②④,①②③④,①③④,B
521,85588,单选题,4,出现下列哪几种情况，取消先进个人的评选资格？（  ） ①受到学院、学校通报批评或警告及以上处分者；②有迟到、早退、旷课记录者；③当学年有课程不及格者；④学费未缴清者。,①②③,①②④,①②③④,①③④,A
521,85469,单选题,4,因身体疾病或某种生理缺陷，经学校医院或学校医院认可的（ ）及以上医院专科证明无法正常修读大学体育课程的，可以改修大学体育保健课程。经考核合格，可视为大学体育课程考核合格，并取得相应成绩和学分，但应注明为大学体育保健课程的考核成绩。,二级甲等,二级乙等,三级甲等,三级乙等,A
521,85639,单选题,4,道路安全很重要。以下说法不正确的是（）,须在人行道内行走，没有人行道的须靠边行走。,横过车行道，须走人行横道。,在道路上扒车、追车、强行拦车或抛物击车。,不准穿越、倚坐道口护栏。,C
521,85773,单选题,4,我们要弘扬（），增强现代化成果的普惠性,立己达人精神,兼善天下精神,推己及人精神,达己立人精神,A
521,85579,单选题,4,国家励志奖学金的奖励标准为每人每年( )元。,8000,5000,6000,7000,B
521,85609,单选题,4,考生不遵守考场纪律，不服从考试工作人员的安排与要求，有下列行为之一的，应当认定为考试违纪（）①将试卷、答卷（含答题卡、答题纸等）、草稿纸等考试用纸带出考场的；②用规定以外的笔或者纸答题或者在试卷规定以外的地方书写姓名、考号或者以其他方式在答卷上标记信息的；③其他违反考场规则但尚未构成作弊的行为。,①②,①②③,②③,①③,B
521,85253,单选题,4,学生在宿舍不得使用高于（）W的高功率电器。,800,1000,1200,1800,C
521,85382,单选题,4,学生在校最长学习年限一般为专业人才培养方案规定的学制年限延长()年。属于高水平运动员学生的，可以延长( )年；属于在校生休学创业的，可以延长5年；其他的学生确有特殊情形需要延长的，经本人申请、所在学院同意、教务处审核、分管校领导批准后可以适当延长。,2  3,2  4,3  4,3  5,A
521,85798,单选题,4,2024年8月10日，在巴黎奥运会跳水男子10米台决赛中，中国选手（   ）夺得金牌，跳水“梦之队”包揽本届奥运会8金。,曹缘,杨昊,王宗源,龙道一,A
521,85581,单选题,4,国家助学金资助面约占在校生的（ ）左右。,0.3,0.15,0.2,0.25,C
521,85790,单选题,3,2020年3月4日，习近平总书记在中共中央政治局常务委员会上强调：要有针对性地开展援企、稳岗、扩就业工作。做好（）等重点群体就业工作。,农民工,高校毕业生,以上都是,,C
521,85486,单选题,4,制作、贩卖、出租或者传播含有淫秽、邪教、暴恐等内容的图画书刊、音像制品、音频、视频、数据电文等，给予( )以上处分,记过,严重警告,书面通报批评,警告,A
521,85554,单选题,4,福建师范大学的校训是（ ）。,知行相资，立诚致广,知明行笃，立诚致广,知行相须，进德修业,知明行笃，至诚致广,B
521,85730,单选题,4,杭州第 19 届亚运会将于 2023 年（）举行。,9 月 10 日至 9 月 25 日,9 月 12 日至 9 月 27 日,9 月 15 日至 9 月 30 日,9 月 23 日至 10 月 8 日,D
521,85175,单选题,4,学校办学宗旨、发展目标、举办与管理体制等重大事项发生变化时，应当依法对章程进行修订，并报（）核准和教育部备案。,教育部,福建省教育厅,福州市教育局,闽侯县教育中心,B
521,85763,单选题,4,优化区域开放布局，加快建设()陆海新通道，加快建设海南自由贸易港，实施自由贸易试验区提升战略，形成参与国际大循环的增长点,中部,西部,东部,东南,B
521,85473,单选题,4,学生休学中断学习时间以一学年或者一学期为期，休学次数一般不超过（ ）次。,三,一,两,四,C
521,85641,单选题,4,在失火的楼房里，正确的逃生通道是什么,电梯,电梯井,防火通道和楼梯,直接跳楼,C
521,85360,单选题,4,制造和故意传播计算机病毒或发布、传播依附有计算机病毒等恶意程序的信息者，给予()处分。,严重警告,记过,留校察看,自动退学,C
521,85710,单选题,4,学生对修读的课程考核成绩不满意或经补考后仍不及格的，在学校条件允许的情况下，（ ）申请重修。必修课经补考后仍不及格的，必须重修；选修课经补考后仍不及格的，（,可以 不可以,不可以 可以,可以 可以,不可以 不可以,C
521,85140,单选题,4,福建师范大学美食众多，掳获了许多师生的心，并受到了一致好评。请问本校（旗山校区）食堂有多少个（）。,3,4,5,>5,D
521,85499,单选题,4,策划、唆使打架斗殴，或挑起事端、纠集他人打架、聚众斗殴的，视情节轻重，给予（）以上处分。,严重警告,记过,书面通报批评,留校察看,D
521,85801,单选题,4,在巴黎奥运会花样游泳双人自由自选的比赛中，中国选手（   ）以总成绩排名第一获得花样游泳双人项目的金牌。这是中国队首次夺得该项目奥运金牌。本届奥运会，中国花样游泳队包揽集体.双人两金。,冯雨.常昊,王柳懿.王芊懿,王赐月.张雅怡,肖雁宁.向玢璇,B
521,85366,单选题,4,考试工作人员应当向（）告知违规记录的内容，对暂扣的考生物品应填写（）。,辅导员、收据,家长、收据,班长、收据,违规考生、收据,D
521,85317,单选题,4,具有潜在火灾隐患的电器哪些？①电热棒②电热杯③电暖器④电熨斗,①②③,①②④,①③④,①②③④,D
521,85558,单选题,4,以下哪几类学科的学生通过计算机二级以上（含二级），可在当学年学业表现中一次性加平均学分成绩2分。 ①文科②艺术③体育学科④理工科,①②③,①②④,①②③④,①③④,A
521,85152,单选题,4,福建师范大学校庆日是（）。,12月14日,1月15日,11月16日,11月17日,D
521,85474,单选题,4,课程考核成绩评定采用百分制，以整数记分，（）分为及格（对应等级 D）。,80-89,70-79,60-69,50-59,C
521,85540,单选题,4,严禁在宿舍楼道内堆放的是（   ）,杂物,易燃物品,自行车,以上都是,D
521,85348,单选题,4,学生在学期间可以转（）次专业。,1,2,3,4,A
521,85541,单选题,4,严禁带进学生宿舍的物品是（   ）,易燃物品,易爆物品,有毒物品,以上都是,D
521,85755,单选题,4,（）是决定当代中国命运的关键一招，也是决定中国式现代化成败的关键一招,从严治党,依法治国,改革开放,新发展理念,C
521,85834,单选题,4,. 2024 年巴黎奥运会是第（,29,31,33,35,C
521,85379,单选题,4,非毕业学年社会工作奖学金，评奖比例不超过同年级同专业学生数的（    ），每人（   ）元/学年。,5%，300,5%，500,3%，500,5%，200,D
521,85174,单选题,4,学校的分立、合并与终止，由举办者（）决定,中国人民政府,福建省人民政府,福州市人民政府,闽侯县人民政府,B
521,85828,单选题,4,2024 年奥运会是由法国巴黎举办的国际性奥林匹克赛事，本届奥运会主火炬是一只高 30 米，直径 22 米的（,聚火盆,埃菲尔铁塔模型,热气球,巨型风车,C
521,85777,单选题,4,针对部分群众生活困难增多，强化基本民生保障。（）扩大低保等社会保障政策覆盖面，将更多困难群体纳入保障范围,适当性,阶段性,持续性,适时性,B
521,85156,单选题,4,福师大新生，一般住在（）人间。,4,5,6,8,B
521,85365,单选题,4,参评校优秀学生干部，当学年应担任学生干部（任期一般不少于一学年），所在集体获得过（  ）以上的奖励，或在组织同学开展各项活动中取得显著成绩。,校级,省级,院级,市级,C
521,85718,单选题,4,杭州亚运会主题口号,不同的国度，共同的精神,心心相融，爱达未来,团结、友谊、进步,让激情永远存心,B
521,85134,单选题,4,交通安全非常重要，交通安全知识也应该牢记于心。关于交通标线，马路上，用漆划的各种各样颜色线条是“交通标线”。道路中间长长的黄色或白色直线，叫“（）”。它是用来分隔来往车辆，使它们互不干扰。中心线两侧的白色线，叫“（）”，其中虚线表示（），实线则反之。它规定机动车在机动车道上行驶。,车道中心线；车道分界线；可以压线跨过,车道中心线；车道分界线；不可以压线跨过,车道分界线；车道中心线；不可以压线跨过,车道分界线；车道中心线；可以压线跨过,A
521,85807,单选题,4,.2024年8月4日，射击男子25米手枪速射决赛，中国选手（   ）.（   ）分获金牌和铜牌，实现了中国队在该项目上金牌零的突破。,李越宏；王鑫杰,王鑫杰；李越宏,刘宇坤；杜林澍 ,杜林澍；刘宇坤,A
521,85820,单选题,4,.在2024年巴黎奥运会女子自由式小轮车公园赛决赛中，（）夺得金牌，这也是中国队夺得的首枚自由式小轮车项目的奥运会金牌。,邓雅文,孙佳琪,陈梦,陈艺文,B
521,85368,单选题,4,高等学校学生行为准则中第五条，诚实守信，严于律己的具体内容包括：①履约践诺，知行统一②遵从学术规范，恪守学术道德，不作弊，不剽窃③自尊自爱。自省自律④文明使用互联网⑤自觉抵制黄，赌，毒等不良诱惑。,①②,①②③,①②④,①②③④⑤,D
521,85736,单选题,4,"2020 年 3 月 23 日，杭州第 4 届亚残运会会徽、口号正式向全球发布。“Hearts Meet,Dreams Shine”（）成为杭州亚残运会口号。",心相印，梦闪耀,心相印，梦闪光,心相约，梦闪耀,心相约，梦闪光,C
521,85803,单选题,4,.2024年8月2日，巴黎奥运会羽毛球混合双打决赛中，中国队组合（   ）夺得金牌，这是中国羽毛球队在本届奥运会上的首金。,郑思维.黄雅琼,冯彦哲.黄东萍,陈清晨.贾一凡,刘雨辰.欧烜屹,A
521,85768,单选题,4,我们要坚守（），突出现代化方向的人民性,人民情怀,人民至上理念,为民初心使命,以人民为中心,B
521,85547,单选题,4,学生在考试过程中被考试工作人员发现违规行为的，考试工作人员可以采取以下（）措施？①及时予以制止纠正②如实填写考生考试违规记录单③考生用于考试违规的材料、工具等，应予以暂扣,①②③,①②,②③,①③,A
521,85780,单选题,4,把（）作为发展实体经济的重点，促进工业经济平稳运行，保持制造业比重基本稳定,工业,制造业,农业,服务业,B
521,85705,单选题,4,发生高致病性病原微生物菌(毒)种或者样本在运输、储存中泄漏的情形，省、自治区、直辖市人民政府应当在接到报告后()内，向国务院卫生健康主管部门报告。,半个小时,1小时,2小时,24小时,B
521,85550,单选题,4,在学生宿舍留宿异性或者在异性学生宿舍留宿的，给予（）处分。,留校察看以上,记过以上,严重警告以上,开除学籍,A
521,85351,单选题,4,学生体育、美育、劳育测评奖励分最高不超过（）。,100分,20分,30分,10分,B
521,85178,单选题,4,福建师范大学校训为“知名行笃，立诚致广”。其中“致广”，语出（）：“故君子尊德性而道问学，致广大而尽精微，极高明而道中庸”,《论语》,《孟子》,《大学》,《中庸》,D
521,85268,单选题,4,下列不属于福师大本部宿舍区的是（）。,桂苑,桃苑,李苑,荷苑,D
521,85137,单选题,4,当溺水发生时，正确的自救方法是,失去冷静，十分慌张，眼睛紧闭，不断张嘴吐气；,保持冷静，本身水有浮力，上浮的时候双背张开，顺势向下划水；,因为害怕下沉，而乱动挣扎；,如果在水深4米以上的池子，用脚用力地蹬地,B
521,85297,单选题,4,新生来福师大报道不可以选择从下列哪个校门进入（）。,北门,小东门,南门,东门,A
521,85553,单选题,4,“免监考班级”保持一学年及以上者，给予以下奖励： ①在校级先进班集体、“五四”红旗团支部等各项先进集体评比中，在同等条件下给予优先考虑；②在校“三好学生”、“优秀学生干部”评选中比例增加 3% ，在“优秀共青团员”评选中比例增加 2%，在“优秀共青团干部”评选中比例增加 1%，③在校“三好学生标兵”、“优秀共青团员标兵”和“优秀共青团干部标兵”等先进个人评选中在同等条件下给予优先考虑。,①②,②③,①③,①②③,D
521,85714,单选题,3,学生要按时归宿，因事迟归者，该怎么办？①向宿舍楼管理人员出示本人有效证件②向宿舍楼管理员说明原因③按规定登记④爬楼上去,①②③,④,②③,,A
521,85624,单选题,4,不满（）周岁的孩子不能在道路上骑车，不满（）周岁不能在道路上骑电动车。,13；14,13；16,12；14,12；16,D
521,85131,单选题,4,天气炎热时，尽量将户外活动安排在（）或者（），较为凉爽。或者在活动一段时间后，注意在阴凉的地方进行休息。调整户外运动的强度。,早上；中午,早上；晚上,中午；晚上,中午；下午,B
521,85606,单选题,4,下列行为，应当认定为考试作弊有（）①由他人冒名代替参加考试的；②故意销毁试卷、答卷或者考试材料的；③在答卷上填写与本人身份不符的姓名、考号等信息的；④交换试卷、答卷、草稿纸的或未经监考老师允许传、接物品的。,①②③,②③④,①②③④,①③④,C
521,85643,单选题,4,中暑后不要一次大量饮水。中暑患者应采用（）的饮水方法，每次以（）为宜。,少量多次；超过三百亳升,多量少次；不超过三百亳升,少量多次；不超过三百亳升,多量少次，超过三百亳升,C
521,85514,单选题,4,以下哪些行为正确？①学生宿舍的访客须在宿舍楼值班室登记②访客随意进出宿舍楼③男性来访客人进入女生宿舍④来访客人在当天22:00前离开宿舍 ⑤在宿舍内留宿外来人员。,③⑤,①④,①②,①②⑤,B
521,85601,单选题,4,考试过程中将(   )等考试用纸带出考场的应当认定考试违纪,试卷、答卷（含答题卡、答题纸等，）、草稿纸,试卷,草稿纸,答卷（含答题卡、答题纸等，）,A
521,85254,单选题,4,国家奖学金的奖励标准为每人每年（）元。,8000,5000,6000,7000,A
521,85252,单选题,4,福建师范大学占地面积约（）亩。,2000,3000,4000,5000,C
521,85358,单选题,4,福建师范大学校医院急诊科电话是？,110,120,119,83465082（仓山校区）、22867671（旗山校区）,D
521,85797,单选题,4,2024 年巴黎奥运会是第（ ）届夏季奥林匹克运动会。,29,31,33,35,C
521,85126,单选题,4,以下哪些做法是错误防盗方法,晚上睡觉前，检查门窗和防盗设施，不要将衣物和贵重物品放在窗边。,自驾车出游的，不要将贵重物品放置在汽车内以及后备厢中,外出游玩时，将钱包、手机等贵重物品贴身携带，将挎包斜挎在前面，注意与周围人员保持距离。,外出时，注意检查家中门窗是否锁上关好，可以将大量现金和金银首饰等贵重物品放在家中,D
521,85546,单选题,4,校学生服务联动协调中心的主要职责有：（ ）①协调解决学生对学校管理、服务等方面工作的意见②在师生间搭建更加直接、更加有效的桥梁③为在校师生定制教育信息化一站式服务④不断提高学校管理和服务水平,①③④,①②③,①②④,①②③④,C
521,85470,单选题,4,学生在校最长学习年限一般为专业人才培养方案规定的学制年限延长（） 年。,一年,三年,两年,四年,C
521,85722,单选题,4,第一个举办亚运会的非首都城市是,韩国釜山,中国广州,日本大阪,日本大阪,D
521,85459,单选题,4,教室开放原则：坐满教室额定座位数( )时，可开放其他教室作为自习教室.,0.4,0.5,0.6,0.7,B
521,85135,单选题,4,每年（）为“全国交通安全日”。选定这天作为交通安全日，主要考虑数字“122”作为我国道路交通事故报警电话，于1994年开通并投入使用。,10月10日,12月2日,11月9日,1月22日,B
521,85184,单选题,4,福建师范大学有许多职能延伸型学生组织，以下不属于职能延伸型学生组织的是（）,小葵新媒体工作室,校易班学生工作站,校学生会,校广播电台,C
